accbid,roy_dm,lncpad_dm,royalty,totalcashpa_d,e_roy,e_lncpad,wtim_d,r_cc,primaryterm,auctionyear,iv,develop,stateagency,rowid,advertisedacreage,index,nb,auctionmonth,numbids,nobid,rentals,income,well,wtim,lnacr,lnacr2,year,qtr,yearmonth,rentals_d,lnbonuspa_d,lntotalcashpad,twp_idx_pre,tractid,surffit_lnb2,surffit_r2,twp_prod_post,e_cpad,outlier,totrim
1,.0397675,1.012721,.25,1147.962,.2102325,6.033023,31.26079,.0300536,3,1987,.2034857,0,0,1,145,.118,2,4,2,1,25375,0,0,18.643,4.976734,24.76788,1987,2,198704,42549.09,6.37653,7.045743,10.70539,412,.030089,-.0059179,0,416.9736,0,0
0,.0097675,.5708876,.22,737.9755,.2102325,6.033023,31.26079,.0300536,3,1987,.2034857,0,0,2,145,.118,2,4,2,2,16312.5,0,0,18.643,4.976734,24.76788,1987,2,198704,27352.98,5.935641,6.60391,10.70539,412,.030089,-.0059179,0,416.9736,0,0
1,-.0122377,.8059883,.2,998.2277,.2122377,6.099993,31.26079,.0300536,3,1987,.2034857,0,0,3,115,.164,2,4,2,1,17500,0,0,18.643,4.744932,22.51438,1987,2,198704,29344.2,6.237023,6.905982,11.52038,413,.12833,-.0056363,12.00935,445.8547,0,0
0,.0377623,.7082176,.25,905.2499,.2122377,6.099993,31.26079,.0300536,3,1987,.2034857,0,0,4,115,.164,2,4,2,2,15870,0,0,18.643,4.744932,22.51438,1987,2,198704,26611,6.139453,6.808211,11.52038,413,.12833,-.0056363,12.00935,445.8547,0,0
1,.013596,.3831434,.22,728.8574,.206404,6.208334,31.26079,.0300536,3,1987,.2034857,1,0,5,250,.224,2,4,2,1,27777.5,0,1,18.643,5.521461,30.48653,1987,2,198704,46577.63,5.923242,6.591478,0,414,.45267,.0060186,11.78925,496.873,0,0
0,.008596,-.0098891,.215,491.9836,.206404,6.208334,31.26079,.0300536,3,1987,.2034857,1,0,6,250,.224,2,4,2,2,18750,0,1,18.643,5.521461,30.48653,1987,2,198704,31440.21,5.531497,6.198445,0,414,.45267,.0060186,11.78925,496.873,0,0
1,-.0114839,.0158114,.2,333.4102,.2114839,5.793562,32.55529,.0347374,3,1987,.1975954,0,0,7,78,.044,2,5,2,1,3978,0,0,19.415,4.356709,18.98091,1987,2,198705,6670.355,5.147696,5.809374,10.16503,415,-.8803,-.027075,0,328.1801,0,0
0,.0385161,-.2916732,.25,245.1546,.2114839,5.793562,32.55529,.0347374,3,1987,.1975954,0,0,8,78,.044,2,5,2,2,2925,0,0,19.415,4.356709,18.98091,1987,2,198705,4904.673,4.842302,5.501889,10.16503,415,-.8803,-.027075,0,328.1801,0,0
1,-.0086469,.3844347,.2,533.6069,.2086469,5.895225,33.75063,.0305415,3,1987,.2642499,1,0,9,610,.066,2,8,2,1,49998.6,1,1,20.274,6.413459,41.13245,1987,3,198708,83233.98,5.612757,6.279659,10.4601,416,-.43382,-.01188,13.02504,363.2984,0,0
0,-.0419802,-.8028831,.166667,162.7705,.2086469,5.895225,33.75063,.0305415,3,1987,.2642499,1,0,10,610,.066,2,8,2,2,15251.5,1,1,20.274,6.413459,41.13245,1987,3,198708,25389.54,4.433722,5.092341,10.4601,416,-.43382,-.01188,13.02504,363.2984,0,0
1,.0018563,-.2838697,.215,262.1,.2131437,5.852596,32.77032,.0360136,3,1987,.2037742,0,0,11,68,.06,2,10,2,1,2771.34,0,0,19.848,4.219508,17.80424,1987,4,198710,4575.66,4.909549,5.568726,9.980138,418,-.827895,-.0316555,0,348.1369,0,0
0,-.0231437,-.3407898,.19,247.5979,.2131437,5.852596,32.77032,.0360136,3,1987,.2037742,0,0,12,68,.06,2,10,2,2,2618,0,0,19.848,4.219508,17.80424,1987,4,198710,4322.486,4.85306,5.511806,9.980138,418,-.827895,-.0316555,0,348.1369,0,0
1,.00414,.7656364,.21875,968.7969,.21461,6.110419,31.23813,.0301408,3,1987,.2328784,1,0,13,76,.172,2,11,2,1,11400,0,1,18.92,4.330733,18.75525,1987,4,198711,18822.13,6.207219,6.876055,12.22825,421,.0265318,-.0084197,11.4091,450.5273,0,0
0,-.01461,.7656364,.2,968.7969,.21461,6.110419,31.23813,.0301408,3,1987,.2328784,1,0,14,76,.172,2,11,2,2,11400,0,1,18.92,4.330733,18.75525,1987,4,198711,18822.13,6.207219,6.876055,12.22825,421,.0265318,-.0084197,11.4091,450.5273,0,0
1,-.0071124,.7230501,.2,664.2903,.2071124,5.775669,28.46599,.0321022,3,1987,.3025389,1,0,15,190,.04,2,12,2,1,19570,1,0,17.241,5.247024,27.53126,1987,4,198712,32311.32,5.832232,6.498719,7.167808,423,-.55635,-.0034374,9.934992,322.36,0,0
0,.0428876,.4058094,.25,483.7065,.2071124,5.775669,28.46599,.0321022,3,1987,.3025389,1,0,16,190,.04,2,12,2,2,14250,1,0,17.241,5.247024,27.53126,1987,4,198712,23527.66,5.516085,6.181479,7.167808,423,-.55635,-.0034374,9.934992,322.36,0,0
1,-.0081822,-.499177,.2,321.1236,.2081822,6.271003,28.11133,.0273167,3,1988,.3010227,1,0,17,110,.274,2,1,2,1,5501.1,1,0,17.16,4.70048,22.09452,1988,1,198801,9011.845,5.104947,5.771826,0,424,-.20965,-.015255,0,529.0076,0,0
0,-.0415155,-1.170712,.166667,164.0697,.2081822,6.271003,28.11133,.0273167,3,1988,.3010227,1,0,18,110,.274,2,1,2,2,2810.5,1,0,17.16,4.70048,22.09452,1988,1,198801,4604.131,4.439251,5.100291,0,424,-.20965,-.015255,0,529.0076,0,0
1,.0280936,.5277872,.23,933.357,.2019064,6.311,27.46425,.02404,3,1988,.2762477,1,0,19,549.92,.306,2,2,2,1,79738.4,1,0,16.765,6.309773,39.81324,1988,1,198802,130626.6,6.165576,6.838788,10.52786,426,.43243,.0059205,11.22234,550.5955,0,0
0,.0180936,.3872972,.22,811.0239,.2019064,6.311,27.46425,.02404,3,1988,.2762477,1,0,20,549.92,.306,2,2,2,2,69287,1,0,16.765,6.309773,39.81324,1988,1,198802,113505.2,6.025405,6.698298,10.52786,426,.43243,.0059205,11.22234,550.5955,0,0
1,.0311215,-.307879,.24,482.0997,.2088785,6.48603,22.23548,.0460273,3,1988,.4627949,0,0,21,252,.462,2,11,2,1,19748,0,0,13.977,5.529429,30.57458,1988,4,198811,31416.31,5.522803,6.178151,10.84991,429,.50655,.0087991,0,655.9139,0,0
0,.0111215,-.1943655,.22,540.0513,.2088785,6.48603,22.23548,.0460273,3,1988,.4627949,0,0,22,252,.462,2,11,2,2,22121.8,0,0,13.977,5.529429,30.57458,1988,4,198811,35192.77,5.635888,6.291664,10.84991,429,.50655,.0087991,0,655.9139,0,0
1,.0306344,-.7352505,.26,306.1548,.2293655,6.459342,28.2974,.0512205,3,1989,.3638572,1,0,23,40,.438,2,1,2,1,2020,1,0,17.983,3.688879,13.60783,1989,1,198901,3178.6,5.074736,5.724091,9.724186,430,-.83322,-.029529,10.85068,638.6404,0,0
0,.0206345,-.7352505,.25,306.1548,.2293655,6.459342,28.2974,.0512205,3,1989,.3638572,1,0,24,40,.438,2,1,2,2,2020,1,0,17.983,3.688879,13.60783,1989,1,198901,3178.6,5.074736,5.724091,9.724186,430,-.83322,-.029529,10.85068,638.6404,0,0
1,.0089595,.0356197,.25,923.0343,.2410405,6.792047,31.19909,.0506038,3,1989,.3746488,0,0,25,203,.804,2,5,2,1,31213.3,0,0,20.032,5.313206,28.23016,1989,2,198905,48613.52,6.173684,6.827666,11.47868,432,.68313,.037907,0,890.7346,0,0
0,.0089595,-.0761495,.25,825.4241,.2410405,6.792047,31.19909,.0506038,3,1989,.3746488,0,0,26,203,.804,2,5,2,2,27912.5,0,0,20.032,5.313206,28.23016,1989,2,198905,43472.67,6.062161,6.715897,11.47868,432,.68313,.037907,0,890.7346,0,0
1,.0105892,.0479131,.25,923.0342,.2394108,6.779753,31.19909,.0506038,3,1989,.3746488,0,0,27,291,.79,2,5,2,1,44744.2,0,0,20.032,5.673323,32.1866,1989,2,198905,69687.35,6.173684,6.827666,11.47868,433,.68313,.037907,0,879.8516,0,0
0,.0105892,-.0638556,.25,825.4241,.2394108,6.779753,31.19909,.0506038,3,1989,.3746488,0,0,28,291,.79,2,5,2,2,40012.5,0,0,20.032,5.673323,32.1866,1989,2,198905,62317.97,6.062161,6.715898,11.47868,433,.68313,.037907,0,879.8516,0,0
1,-.0388353,-.3515682,.205,671.3445,.2438353,6.860851,30.85132,.0391975,3,1989,.2633958,0,0,29,76,.868,2,10,2,1,8550,0,0,20.091,4.330733,18.75525,1989,4,198910,13129.2,5.847898,6.509283,12.38864,435,.57123,.016644,12.91576,954.1785,0,0
0,-.0388353,-.4643641,.205,599.7344,.2438353,6.860851,30.85132,.0391975,3,1989,.2633958,0,0,30,76,.868,2,10,2,2,7638,0,0,20.091,4.330733,18.75525,1989,4,198910,11728.75,5.735447,6.396487,12.38864,435,.57123,.016644,12.91576,954.1785,0,0
1,-.0120755,.4504647,.225,1126.537,.2370755,6.576439,30.43518,.0371582,3,1989,.27538,0,0,31,49,.558,2,11,2,1,9236.5,0,0,19.82,3.89182,15.14626,1989,4,198911,14183.38,6.362879,7.026904,12.89102,436,-.04479,-.0049129,14.66239,717.978,0,0
0,-.0120755,.0791693,.225,777.1302,.2370755,6.576439,30.43518,.0371582,3,1989,.27538,0,0,32,49,.558,2,11,2,2,8575,0,0,19.82,3.89182,15.14626,1989,4,198911,13167.59,5.597408,6.655608,12.89102,436,-.04479,-.0049129,14.66239,717.978,0,0
1,.0097291,-.3419385,.23,383.5372,.2202709,6.291375,34.38739,.0396117,3,1990,.329803,0,0,33,1346,.288,2,1,2,1,87490,0,0,22.641,7.204893,51.91048,1990,1,199001,132880.7,5.290514,5.949437,12.16668,437,.232475,.016575,13.48375,539.8953,0,0
0,-.0202709,-.4013619,.2,361.4101,.2202709,6.291375,34.38739,.0396117,3,1990,.329803,0,0,34,1346,.288,2,1,2,2,82442.5,0,0,22.641,7.204893,51.91048,1990,1,199001,125214.5,5.231399,5.890013,12.16668,437,.232475,.016575,13.48375,539.8953,0,0
1,.0094898,.312777,.23,649.063,.2205102,6.162753,34.38739,.0396117,3,1990,.329803,1,0,35,927,.194,2,1,2,1,101970,0,1,22.641,6.831954,46.67559,1990,1,199001,154873.1,5.814543,6.47553,12.0184,438,.20654,.014236,12.82075,474.733,0,0
0,-.0005102,.254281,.22,612.1844,.2205102,6.162753,34.38739,.0396117,3,1990,.329803,1,0,36,927,.194,2,1,2,2,96176.3,0,1,22.641,6.831954,46.67559,1990,1,199001,146073.5,5.756227,6.417034,12.0184,438,.20654,.014236,12.82075,474.733,0,0
1,-.0223532,.0333138,.2,590.0573,.2223532,6.346906,34.38739,.0396117,3,1990,.329803,0,0,37,698.5,.342,2,1,2,1,69850,0,0,22.641,6.548935,42.88855,1990,1,199001,106088.9,5.719532,6.380219,11.72977,439,.59554,.0055281,13.72751,570.724,0,0
0,-.0123532,-.3560319,.21,399.7638,.2223532,6.346906,34.38739,.0396117,3,1990,.329803,0,0,38,698.5,.342,2,1,2,2,47323.4,0,0,22.641,6.548935,42.88855,1990,1,199001,71875.24,5.331747,5.990874,11.72977,439,.59554,.0055281,13.72751,570.724,0,0
1,.027937,-.2649584,.25,364.7006,.222063,6.164035,27.93446,.0474802,3,1990,.2871688,0,0,39,40,.198,2,4,2,1,2512,0,0,18.582,3.688879,13.60783,1990,2,199004,3776.308,5.246052,5.899077,9.615047,440,-.36495,-.022068,0,475.3424,0,0
0,-.012063,-.4252319,.21,310.6924,.222063,6.164035,27.93446,.0474802,3,1990,.2871688,0,0,40,40,.198,2,4,2,2,2140,0,0,18.582,3.688879,13.60783,1990,2,199004,3217.078,5.086694,5.738803,9.615047,440,-.36495,-.022068,0,475.3424,0,0
1,.0244256,.0441403,.25,583.6371,.2255744,6.325139,27.93446,.0474802,3,1990,.2871688,1,0,41,130,.322,2,4,2,1,13065,1,0,18.582,4.867535,23.69289,1990,2,199004,19640.71,5.714276,6.369279,11.57866,442,.505055,.0089738,12.46435,558.4355,0,0
0,-.0255744,-.2418847,.2,438.4537,.2255744,6.325139,27.93446,.0474802,3,1990,.2871688,1,0,42,130,.322,2,4,2,2,9815,1,0,18.582,4.867535,23.69289,1990,2,199004,14754.96,5.429343,6.083254,11.57866,442,.505055,.0089738,12.46435,558.4355,0,0
1,.0356875,.5495343,.25,762.6167,.2143125,6.087221,27.41582,.0467419,3,1990,.2889566,1,0,43,510,.154,2,5,2,1,66937.5,0,1,18.237,6.234411,38.86788,1990,2,199005,100627.6,5.98045,6.636755,11.6432,443,.13423,-.0051315,13.25736,440.1965,0,0
0,.0176875,.1209469,.232,496.7903,.2143125,6.087221,27.41582,.0467419,3,1990,.2889566,1,0,44,510,.154,2,5,2,2,43605,0,1,18.237,6.234411,38.86788,1990,2,199005,65551.72,5.553214,6.208168,11.6432,443,.13423,-.0051315,13.25736,440.1965,0,0
1,.0239649,.5506873,.24,890.2935,.2160351,6.240864,25.3623,.0447088,3,1990,.3383866,1,0,45,478,.258,2,6,2,1,73134,0,1,16.871,6.169611,38.06409,1990,2,199006,109942.9,6.133424,6.791551,11.75394,444,.505035,.0074718,12.14672,513.3017,0,0
0,.0039649,-.0609102,.22,482.9696,.2160351,6.240864,25.3623,.0447088,3,1990,.3383866,1,0,46,478,.258,2,6,2,2,39674,0,1,16.871,6.169611,38.06409,1990,2,199006,59642.21,5.523654,6.179954,11.75394,444,.505035,.0074718,12.14672,513.3017,0,0
1,.0146273,.2776961,.25,577.3964,.2353727,6.080833,50.1937,.0431316,3,1990,.7869636,0,0,47,80,.148,2,9,2,1,8000,0,0,33.687,4.382027,19.20216,1990,3,199009,11920.02,5.700445,6.358529,11.76551,445,-.19236,-.020348,12.45545,437.3934,0,0
0,.0146273,.1555285,.25,510.9958,.2353727,6.080833,50.1937,.0431316,3,1990,.7869636,0,0,48,80,.148,2,9,2,2,7080,0,0,33.687,4.382027,19.20216,1990,3,199009,10549.21,5.578712,6.236362,11.76551,445,-.19236,-.020348,12.45545,437.3934,0,0
1,.0250394,1.407162,.25,1293.536,.2249606,5.757973,40.42619,.0386771,3,1990,1.049818,0,1,49,41.57,.036,2,12,2,1,9353.25,0,0,27.337,3.727379,13.89335,1990,4,199012,13831.67,6.501986,7.165135,9.378836,446,-.12999,.028669,8.15823,316.7058,0,0
0,.0000394,.9183154,.225,793.369,.2249606,5.757973,40.42619,.0386771,3,1990,1.049818,0,1,50,41.57,.036,2,12,2,2,5736.66,0,0,27.337,3.727379,13.89335,1990,4,199012,8483.423,6.014085,6.676289,9.378836,446,-.12999,.028669,8.15823,316.7058,0,0
1,-.0068825,-.2281885,.24,916.5828,.2468825,7.048841,30.05008,.0369977,3,1991,.6819905,0,0,51,72,.95,2,2,2,1,11600,0,0,20.523,4.276666,18.28987,1991,1,199102,16984.89,6.155227,6.820652,11.99298,447,.23046,.0014676,0,1151.523,0,0
0,.0081175,-.4307694,.255,748.5002,.2468825,7.048841,30.05008,.0369977,3,1991,.6819905,0,0,52,72,.95,2,2,2,2,9500,0,0,20.523,4.276666,18.28987,1991,1,199102,13910.04,5.9504,6.618072,11.99298,447,.23046,.0014676,0,1151.523,0,0
1,.0163129,1.623943,.25,2405.614,.2336871,6.161618,31.5538,.0334307,3,1991,.2257434,0,1,53,59,.192,2,9,2,1,25193,0,0,21.857,4.077538,16.62631,1991,3,199109,36369.8,7.117915,7.785561,12.55251,449,-.032401,.011404,0,474.1946,0,0
0,.0163129,1.461837,.25,2045.617,.2336871,6.161618,31.5538,.0334307,3,1991,.2257434,0,1,54,59,.192,2,9,2,2,21422.9,0,0,21.857,4.077538,16.62631,1991,3,199109,30927.11,6.955952,7.623455,12.55251,449,-.032401,.011404,0,474.1946,0,0
1,-.0052496,.1017413,.235,1042.576,.2402496,6.847709,32.25737,.0256173,3,1991,.226,1,0,55,250,.852,2,11,2,1,46250,1,0,22.465,5.521461,30.48653,1991,4,199111,66410.13,6.277172,6.94945,11.74842,450,.27953,.0025399,12.13701,941.7206,0,0
0,.0097504,-.1367216,.25,821.3809,.2402496,6.847709,32.25737,.0256173,3,1991,.226,1,0,56,250,.852,2,11,2,2,36437.5,1,0,22.465,5.521461,30.48653,1991,4,199111,52320.41,6.039214,6.710987,11.74842,450,.27953,.0025399,12.13701,941.7206,0,0
1,-.0177289,-.4720592,.1875,140.2516,.2052289,5.415497,30.76651,.0108963,3,1992,.197842,0,0,57,750,.012,2,7,2,1,18750,0,0,21.759,6.620073,43.82537,1992,3,199207,26511.88,4.272468,4.943438,10.11693,451,-.86726,-.022596,0,224.8643,0,0
0,-.0052289,-.9828849,.2,84.15097,.2052289,5.415497,30.76651,.0108963,3,1992,.197842,0,0,58,750,.012,2,7,2,2,11250,0,0,21.759,6.620073,43.82537,1992,3,199207,15907.13,3.770897,4.432612,10.11693,451,-.86726,-.022596,0,224.8643,0,0
1,-.022797,-.4252772,.1875,140.2516,.210297,5.368715,30.76651,.0108963,3,1992,.197842,0,0,59,288,.01,2,7,2,1,7200,0,0,21.759,5.662961,32.06912,1992,3,199207,10180.56,4.272468,4.943438,10.11693,452,-.86726,-.022596,0,214.587,0,0
0,-.010297,-.9361029,.2,84.15097,.210297,5.368715,30.76651,.0108963,3,1992,.197842,0,0,60,288,.01,2,7,2,2,4320,0,0,21.759,5.662961,32.06912,1992,3,199207,6108.338,3.770898,4.432612,10.11693,452,-.86726,-.022596,0,214.587,0,0
1,-.0012084,.6549435,.2,350.629,.2012084,5.204785,30.76651,.0108963,3,1992,.197842,0,1,61,80,.008,2,7,2,1,5000,0,0,21.759,4.382027,19.20216,1992,3,199207,7069.836,5.180355,5.859729,11.55286,453,-.21401,-.019582,0,182.1418,0,0
0,-.0012084,.1769075,.2,217.39,.2012084,5.204785,30.76651,.0108963,3,1992,.197842,0,1,62,80,.008,2,7,2,2,3100,0,0,21.759,4.382027,19.20216,1992,3,199207,4383.298,4.705761,5.381693,11.55286,453,-.21401,-.019582,0,182.1418,0,0
1,-.0074796,-.0250282,.1875,140.2516,.1949796,4.968466,30.76651,.0108963,3,1992,.197842,0,1,63,320,.002,2,7,2,1,8000,0,0,21.759,5.768321,33.27353,1992,3,199207,11311.74,4.272468,4.943438,10.11693,454,-.86726,-.022596,0,143.8062,0,0
0,.0050204,-.5358539,.2,84.15097,.1949796,4.968466,30.76651,.0108963,3,1992,.197842,0,1,64,320,.002,2,7,2,2,4800,0,0,21.759,5.768321,33.27353,1992,3,199207,6787.042,3.770897,4.432612,10.11693,454,-.86726,-.022596,0,143.8062,0,0
1,.0206497,1.428535,.23,1126.242,.2093503,5.598106,27.25664,.0134915,3,1992,.195743,0,0,65,48,.016,2,12,2,1,9720,0,0,19.407,3.871201,14.9862,1992,4,199212,13651.49,6.345307,7.026641,12.07987,455,.189915,-.002956,12.41533,269.9148,0,0
0,.0406497,1.139081,.25,843.1855,.2093503,5.598106,27.25664,.0134915,3,1992,.195743,0,0,66,48,.016,2,12,2,2,7368,0,0,19.407,3.871201,14.9862,1992,4,199212,10348.17,6.044152,6.737187,12.07987,455,.189915,-.002956,12.41533,269.9148,0,0
1,.0467712,1.085795,.2775,1512.026,.2307288,6.235411,27.67868,.0120323,3,1993,.1613649,0,1,67,53.36,.246,2,5,2,1,16008,0,0,19.94,3.977062,15.81702,1993,2,199305,22220.68,6.543983,7.321206,14.42874,456,.33974,.0074858,13.80042,510.5102,0,0
0,-.0256288,.1838684,.2051,613.5607,.2307288,6.235411,27.67868,.0120323,3,1993,.1613649,0,1,68,53.36,.246,2,5,2,2,5949.64,0,0,19.94,3.977062,15.81702,1993,2,199305,8258.687,5.733859,6.419279,14.42874,456,.33974,.0074858,13.80042,510.5102,0,0
1,-.0159761,.0415454,.229,838.5781,.2449761,6.690162,24.65126,.0137071,3,1993,.2193576,0,0,69,84.25,.712,2,7,2,1,12932.4,0,0,17.866,4.433789,19.65848,1993,3,199307,17843.92,6.051134,6.731708,11.32342,457,.28802,-.0006397,14.61138,804.4527,0,0
0,-.0449761,-1.070181,.2,275.8841,.2449761,6.690162,24.65126,.0137071,3,1993,.2193576,0,0,70,84.25,.712,2,7,2,2,4254.63,0,0,17.866,4.433789,19.65848,1993,3,199307,5870.479,4.944199,5.619981,11.32342,457,.28802,-.0006397,14.61138,804.4527,0,0
1,.0062093,.703402,.23,689.71,.2237907,5.832869,24.65126,.0137071,3,1993,.2193576,0,1,71,80.53,.058,2,7,2,1,10166.9,0,0,17.866,4.38863,19.26007,1993,3,199307,14028.16,5.856206,6.536271,11.00982,458,-.46223,-.0112725,11.1832,341.3366,0,0
0,.0062093,.475296,.23,549.0366,.2237907,5.832869,24.65126,.0137071,3,1993,.2193576,0,1,72,80.53,.058,2,7,2,2,8093.27,0,0,17.866,4.38863,19.26007,1993,3,199307,11166.98,5.628833,6.308165,11.00982,458,-.46223,-.0112725,11.1832,341.3366,0,0
1,.032756,.1861119,.25,550.8362,.217244,6.125326,24.16558,.0126434,3,1993,.2677022,0,1,73,173,.18,2,9,2,1,17429.8,0,0,17.514,5.153292,26.55642,1993,3,199309,24049.33,5.631308,6.311438,11.26666,459,-.06049,-.016564,12.61931,457.2936,0,0
0,.002756,-1.025333,.22,164.0207,.217244,6.125326,24.16558,.0126434,3,1993,.2677022,0,1,74,173,.18,2,9,2,2,5190,0,0,17.514,5.153292,26.55642,1993,3,199309,7161.09,4.42828,5.099993,11.26666,459,-.06049,-.016564,12.61931,457.2936,0,0
1,-.0016443,-.1102176,.225,648.7715,.2266443,6.585298,19.91682,.014774,3,1993,.3473125,1,0,75,780,.566,2,12,2,1,93186.6,1,1,14.51,6.659294,44.3462,1993,4,199312,127910.5,5.795983,6.47508,10.47401,460,.28767,-.0045414,13.06143,724.3669,0,0
0,-.0066443,-.474442,.22,450.7243,.2266443,6.585298,19.91682,.014774,3,1993,.3473125,1,0,76,780,.566,2,12,2,2,64740,1,1,14.51,6.659294,44.3462,1993,4,199312,88863.88,5.433094,6.110856,10.47401,460,.28767,-.0045414,13.06143,724.3669,0,0
1,-.0010202,.3950067,.238,959.5727,.2390202,6.471481,25.92054,.0303626,3,1994,.2999824,0,0,77,624,.448,2,6,2,1,112632,0,0,19.07,6.436151,41.42403,1994,2,199406,153092.9,6.197833,6.866488,11.3278,461,-.116938,-.0057775,11.68071,646.4406,0,0
0,.0109798,.2934861,.25,866.938,.2390202,6.471481,25.92054,.0303626,3,1994,.2999824,0,0,78,624,.448,2,6,2,2,101759,0,0,19.07,6.436151,41.42403,1994,2,199406,138313.7,6.09653,6.764967,11.3278,461,-.116938,-.0057775,11.68071,646.4406,0,0
1,-.0260514,-.9900904,.225,401.0824,.2510514,6.984257,26.56518,.0330104,3,1994,.3067951,1,0,79,120,.93,2,7,2,1,9120,1,0,19.65,4.787492,22.92008,1994,3,199407,12329.49,5.330259,5.994167,11.17876,462,-.15838,-.016473,12.31294,1079.504,0,0
0,-.0010514,-1.269039,.25,303.4505,.2510514,6.984257,26.56518,.0330104,3,1994,.3067951,1,0,80,120,.93,2,7,2,2,6900,1,0,19.65,4.787492,22.92008,1994,3,199407,9328.231,5.052867,5.715219,11.17876,462,-.15838,-.016473,12.31294,1079.504,0,0
1,.0085577,.8004417,.25,1256.041,.2414423,6.335278,24.84825,.0337685,3,1994,.3159297,0,0,81,329,.33,2,8,2,1,78346.4,0,0,18.38,5.796058,33.59428,1994,3,199408,105917.9,6.469061,7.13572,11.98076,463,-.060661,-.0037068,0,564.1262,0,0
0,.0085577,.7678552,.25,1215.77,.2414423,6.335278,24.84825,.0337685,3,1994,.3159297,0,0,82,329,.33,2,8,2,2,75834.5,0,0,18.38,5.796058,33.59428,1994,3,199408,102522,6.436525,7.103133,11.98076,463,-.060661,-.0037068,0,564.1262,0,0
1,-.0210613,.7451773,.166667,780.8995,.187728,5.915269,22.91725,.0374623,3,1995,.2769978,0,0,83,69,.072,2,7,2,1,10453.5,0,0,17.3,4.234107,17.92766,1995,3,199507,13847.71,5.997405,6.660447,0,465,-.2007075,-.017336,12.51386,370.6541,0,0
0,.017272,-.4799194,.205,229.3731,.187728,5.915269,22.91725,.0374623,3,1995,.2769978,0,0,84,69,.072,2,7,2,2,3070.5,0,0,17.3,4.234107,17.92766,1995,3,199507,4067.48,4.778266,5.43535,0,465,-.2007075,-.017336,12.51386,370.6541,0,0
1,-.0273196,-.0789785,.166667,445.804,.1939863,6.178858,22.91725,.0374623,3,1995,.2769978,1,0,85,40.93,.208,2,7,2,1,3540,1,0,17.3,3.711863,13.77793,1995,3,199507,4689.425,5.438704,6.099879,6.72263,468,.10316,-.0094705,13.97538,482.4406,0,0
0,.0110137,-.7664914,.205,224.1614,.1939863,6.178858,22.91725,.0374623,3,1995,.2769978,1,0,86,40.93,.208,2,7,2,2,1780,1,0,17.3,3.711863,13.77793,1995,3,199507,2357.959,4.755477,5.412366,6.72263,468,.10316,-.0094705,13.97538,482.4406,0,0
1,-.0251078,.0733743,.166667,456.169,.1917745,6.049489,22.91725,.0374623,3,1995,.2769978,1,0,87,80,.128,2,7,2,1,7080,1,0,17.3,4.382027,19.20216,1995,3,199507,9378.85,5.461589,6.122863,6.72263,469,.10248,-.0094705,13.97538,423.8964,0,0
0,.0132255,-.6141391,.205,229.3731,.1917745,6.049489,22.91725,.0374623,3,1995,.2769978,1,0,88,80,.128,2,7,2,2,3560,1,0,17.3,4.382027,19.20216,1995,3,199507,4715.919,4.778266,5.43535,6.72263,469,.10248,-.0094705,13.97538,423.8964,0,0
1,-.0272053,-.0462098,.166667,456.169,.193872,6.169073,22.91725,.0374623,3,1995,.2769978,0,0,89,42.42,.202,2,7,2,1,3754.17,0,0,17.3,3.74762,14.04465,1995,3,199507,4973.135,5.461589,6.122863,6.72263,470,.10248,-.0094705,13.97538,477.7431,0,0
0,.011128,-.7337232,.205,229.3731,.193872,6.169073,22.91725,.0374623,3,1995,.2769978,0,0,90,42.42,.202,2,7,2,2,1887.69,0,0,17.3,3.74762,14.04465,1995,3,199507,2500.616,4.778266,5.43535,6.72263,470,.10248,-.0094705,13.97538,477.7431,0,0
1,-.0306637,.5122681,.166667,786.054,.1973304,6.154757,22.91725,.0374623,3,1995,.2769978,1,0,91,44,.188,2,7,2,1,6710,1,0,17.3,3.78419,14.32009,1995,3,199507,8888.713,6.003967,6.667026,13.03176,472,.10636,-.0059997,12.74814,470.9526,0,0
0,.0076696,-.7194076,.205,229.3731,.1973304,6.154757,22.91725,.0374623,3,1995,.2769978,1,0,92,44,.188,2,7,2,2,1958,1,0,17.3,3.78419,14.32009,1995,3,199507,2593.755,4.778266,5.43535,13.03176,472,.10636,-.0059997,12.74814,470.9526,0,0
1,-.028694,.5972214,.166667,780.8995,.1953607,6.063225,22.91725,.0374623,3,1995,.2769978,1,0,93,80,.136,2,7,2,1,12120,1,0,17.3,4.382027,19.20216,1995,3,199507,16055.32,5.997405,6.660447,12.39482,473,.15079,-.0042852,12.14633,429.7593,0,0
0,.0096392,-.6278753,.205,229.3731,.1953607,6.063225,22.91725,.0374623,3,1995,.2769978,1,0,94,80,.136,2,7,2,2,3560,1,0,17.3,4.382027,19.20216,1995,3,199507,4715.919,4.778266,5.43535,12.39482,473,.15079,-.0042852,12.14633,429.7593,0,0
1,-.0308824,.5105243,.166667,796.2087,.1975491,6.169337,22.91725,.0374623,3,1995,.2769978,1,0,95,41.14,.204,2,7,2,1,6354.9,1,0,17.3,3.716981,13.81595,1995,3,199507,8418.313,6.016771,6.679862,13.03176,474,.1062,-.0059997,12.74814,477.8693,0,0
0,.0074508,-.7339873,.205,229.3731,.1975491,6.169337,22.91725,.0374623,3,1995,.2769978,1,0,96,41.14,.204,2,7,2,2,1830.73,1,0,17.3,3.716981,13.81595,1995,3,199507,2425.161,4.778266,5.43535,13.03176,474,.1062,-.0059997,12.74814,477.8693,0,0
1,-.0309422,-.1221528,.166667,391.7383,.1976089,6.092747,22.91725,.0374623,3,1995,.2769978,0,0,97,57,.16,2,7,2,1,4332,0,0,17.3,4.043051,16.34626,1995,3,199507,5738.584,5.310018,5.970594,10.40462,475,.051708,.0065513,10.91435,442.6356,0,0
0,.0073911,-.6573968,.205,229.3731,.1976089,6.092747,22.91725,.0374623,3,1995,.2769978,0,0,98,57,.16,2,7,2,2,2536.5,0,0,17.3,4.043051,16.34626,1995,3,199507,3360.092,4.778266,5.43535,10.40462,475,.051708,.0065513,10.91435,442.6356,0,0
1,-.0321769,-.0775084,.166667,391.7383,.1988436,6.048102,22.91725,.0374623,3,1995,.2769978,1,0,99,63,.124,2,7,2,1,4788,1,0,17.3,4.143135,17.16556,1995,3,199507,6342.646,5.310018,5.970594,11.32378,476,-.009284,.0126336,12.35169,423.309,0,0
0,.0061564,-.6127524,.205,229.3731,.1988436,6.048102,22.91725,.0374623,3,1995,.2769978,1,0,100,63,.124,2,7,2,2,2803.5,1,0,17.3,4.143135,17.16556,1995,3,199507,3713.786,4.778266,5.43535,11.32378,476,-.009284,.0126336,12.35169,423.309,0,0
1,-.031771,.0238953,.166667,391.7383,.1984377,5.946699,22.91725,.0374623,3,1995,.2769978,1,0,101,91,.074,2,7,2,1,6916,1,0,17.3,4.510859,20.34785,1995,3,199507,9161.6,5.310018,5.970594,11.7945,477,-.10736,.016,12.91839,382.4885,0,0
0,.0065623,-.5113487,.205,229.3731,.1984377,5.946699,22.91725,.0374623,3,1995,.2769978,1,0,102,91,.074,2,7,2,2,4049.5,1,0,17.3,4.510859,20.34785,1995,3,199507,5364.358,4.778266,5.43535,11.7945,477,-.10736,.016,12.91839,382.4885,0,0
1,-.009064,.5059991,.166667,456.169,.1757307,5.616864,22.91725,.0374623,3,1995,.2769978,0,1,103,205.88,.022,2,7,2,1,18220.4,0,0,17.3,5.327293,28.38005,1995,3,199507,24136.47,5.461589,6.122863,6.72263,478,.10248,-.0094705,13.97538,275.0256,0,0
0,.0292693,-.1815143,.205,229.3731,.1757307,5.616864,22.91725,.0374623,3,1995,.2769978,0,1,104,205.88,.022,2,7,2,2,9161.66,0,0,17.3,5.327293,28.38005,1995,3,199507,12136.42,4.778266,5.43535,6.72263,478,.10248,-.0094705,13.97538,275.0256,0,0
1,-.0126562,.4093947,.166667,456.169,.1793229,5.713469,22.91725,.0374623,3,1995,.2769978,0,1,105,80,.034,2,7,2,1,7080,0,0,17.3,4.382027,19.20216,1995,3,199507,9378.85,5.461589,6.122863,6.72263,479,.10248,-.0094705,13.97538,302.92,0,0
0,.0256771,-.2781186,.205,229.3731,.1793229,5.713469,22.91725,.0374623,3,1995,.2769978,0,1,106,80,.034,2,7,2,2,3560,0,0,17.3,4.382027,19.20216,1995,3,199507,4715.919,4.778266,5.43535,6.72263,479,.10248,-.0094705,13.97538,302.92,0,0
1,-.0118966,1.074045,.166667,791.2084,.1785633,5.599517,22.91725,.0374623,3,1995,.2769978,0,1,107,247,.016,2,7,2,1,37914.5,0,0,17.3,5.509388,30.35336,1995,3,199507,50225.2,6.010487,6.673562,13.03176,480,.10628,-.0059997,12.74814,270.2958,0,0
0,.0264367,-.1641669,.205,229.3731,.1785633,5.599517,22.91725,.0374623,3,1995,.2769978,0,1,108,247,.016,2,7,2,2,10991.5,0,0,17.3,5.509388,30.35336,1995,3,199507,14560.4,4.778266,5.43535,13.03176,480,.10628,-.0059997,12.74814,270.2958,0,0
1,-.0177794,.3256369,.166667,456.169,.1844461,5.797226,22.91725,.0374623,3,1995,.2769978,0,1,109,50.5,.046,2,7,2,1,4469.25,0,0,17.3,3.921973,15.38187,1995,3,199507,5920.399,5.461589,6.122863,10.63205,481,.096335,-.0000702,13.42288,329.3847,0,0
0,.0205539,-.3618765,.205,229.3731,.1844461,5.797226,22.91725,.0374623,3,1995,.2769978,0,1,110,50.5,.046,2,7,2,2,2247.25,0,0,17.3,3.921973,15.38187,1995,3,199507,2976.924,4.778266,5.43535,10.63205,481,.096335,-.0000702,13.42288,329.3847,0,0
1,-.0196591,.1382947,.166667,391.7384,.1863258,5.8323,22.91725,.0374623,3,1995,.2769978,0,1,111,40,.056,2,7,2,1,3040,0,0,17.3,3.688879,13.60783,1995,3,199507,4027.077,5.310018,5.970594,10.40462,482,.051708,.0065513,10.91435,341.1423,0,0
0,.0186742,-.3969498,.205,229.3731,.1863258,5.8323,22.91725,.0374623,3,1995,.2769978,0,1,112,40,.056,2,7,2,2,1780,0,0,17.3,3.688879,13.60783,1995,3,199507,2357.959,4.778266,5.43535,10.40462,482,.051708,.0065513,10.91435,341.1423,0,0
1,.0229345,1.137123,.25,1903.06,.2270655,6.414095,24.75351,.0317799,3,1996,.3152833,0,0,113,80,.39,2,1,2,1,29720,0,0,18.88,4.382027,19.20216,1996,1,199601,38965.8,6.882586,7.551218,9.3521,484,-.0025949,-.009617,13.40506,610.3881,0,0
0,.0229345,.8363457,.25,1408.725,.2270655,6.414095,24.75351,.0317799,3,1996,.3152833,0,0,114,80,.39,2,1,2,2,22000,0,0,18.88,4.382027,19.20216,1996,1,199601,28844.13,6.582168,7.250441,9.3521,484,-.0025949,-.009617,13.40506,610.3881,0,0
1,.0208074,1.01182,.25,1903.06,.2291926,6.539398,24.75351,.0317799,3,1996,.3152833,0,0,115,40,.512,2,1,2,1,14860,0,0,18.88,3.688879,13.60783,1996,1,199601,19482.9,6.882586,7.551218,9.3521,485,-.0025949,-.009617,13.40506,691.8698,0,0
0,.0208074,.7110429,.25,1408.725,.2291926,6.539398,24.75351,.0317799,3,1996,.3152833,0,0,116,40,.512,2,1,2,2,11000,0,0,18.88,3.688879,13.60783,1996,1,199601,14422.07,6.582168,7.250441,9.3521,485,-.0025949,-.009617,13.40506,691.8698,0,0
1,.0210335,-.299511,.25,398.8756,.2289665,6.28816,28.00503,.034156,3,1996,.4288327,0,0,117,119,.284,2,3,2,1,9282,0,0,21.36,4.779123,22.84002,1996,1,199603,12169.6,5.325597,5.988649,11.55743,488,-.30757,-.017707,12.60138,538.1624,0,0
0,-.0239665,-.7342463,.205,258.2464,.2289665,6.28816,28.00503,.034156,3,1996,.4288327,0,0,118,119,.284,2,3,2,2,6009.5,0,0,21.36,4.779123,22.84002,1996,1,199603,7879.038,4.893508,5.553914,11.55743,488,-.30757,-.017707,12.60138,538.1624,0,0
1,.0322866,.6748252,.25,826.0485,.2177134,6.041828,30.78551,.0371468,3,1996,.455865,0,1,119,83.12,.12,2,4,2,1,13507,0,0,23.57,4.420285,19.53892,1996,2,199604,17641.91,6.053247,6.716653,0,490,-.21926,-.0081607,0,420.6614,0,0
0,-.0177134,-.7915115,.2,190.6266,.2177134,6.041828,30.78551,.0371468,3,1996,.455865,0,1,120,83.12,.12,2,4,2,2,3117,0,0,23.57,4.420285,19.53892,1996,2,199604,4071.21,4.594714,5.250317,0,490,-.21926,-.0081607,0,420.6614,0,0
1,.018516,-.098021,.25,626.3504,.231484,6.537931,27.75529,.0380939,3,1996,.3630395,0,0,121,216,.508,2,5,2,1,26632.8,0,0,21.25,5.375278,28.89362,1996,2,199605,34785.93,5.777937,6.43991,13.11938,491,.36634,-.0009095,15.82753,690.8557,0,0
0,-.021484,-.424005,.21,452.1101,.231484,6.537931,27.75529,.0380939,3,1996,.3630395,0,0,122,216,.508,2,5,2,2,19224,0,0,21.25,5.375278,28.89362,1996,2,199605,25109.06,5.453145,6.113926,13.11938,491,.36634,-.0009095,15.82753,690.8557,0,0
1,-.0206329,1.545966,.2,3406.575,.2206329,6.587497,27.75529,.0380939,3,1996,.3630395,1,0,123,2169.02,.574,2,5,2,1,1.5e+06,0,1,21.25,7.682031,59.0136,1996,2,199605,1899827,7.46896,8.133463,11.12834,492,.15896,-.0048733,0,725.9614,0,0
0,-.0206329,-.2150216,.2,585.5051,.2206329,6.587497,27.75529,.0380939,3,1996,.3630395,1,0,124,2169.02,.574,2,5,2,2,250000,0,1,21.25,7.682031,59.0136,1996,2,199605,326532.8,5.710718,6.372475,11.12834,492,.15896,-.0048733,0,725.9614,0,0
1,-.0008551,.0670056,.225,767.0633,.2258551,6.575564,27.75529,.0380939,3,1996,.3630395,1,0,125,943,.556,2,5,2,1,142393,1,0,21.25,6.849066,46.90971,1996,2,199605,185983.9,5.980029,6.64257,11.20778,493,.35775,.0071825,13.14535,717.35,0,0
0,-.0008551,-.0050669,.225,713.7245,.2258551,6.575564,27.75529,.0380939,3,1996,.3630395,1,0,126,943,.556,2,5,2,2,132492,1,0,21.25,6.849066,46.90971,1996,2,199605,173051.3,5.908145,6.570497,11.20778,493,.35775,.0071825,13.14535,717.35,0,0
1,.0353535,.2135782,.265,632.6324,.2296465,6.236311,27.76837,.0393328,3,1996,.3138906,0,0,127,116,.246,2,7,2,1,14500,0,0,21.32,4.75359,22.59662,1996,3,199607,18885.62,5.788779,6.44989,10.40322,495,-.42727,-.017214,12.08209,510.9703,0,0
0,-.0046465,.1082172,.225,569.3691,.2296465,6.236311,27.76837,.0393328,3,1996,.3138906,0,0,128,116,.246,2,7,2,2,13050,0,0,21.32,4.75359,22.59662,1996,3,199607,16997.06,5.683759,6.344529,10.40322,495,-.42727,-.017214,12.08209,510.9703,0,0
1,.0126459,.5985827,.25,1292.161,.2373541,6.565488,28.60194,.0376309,3,1996,.3553144,0,0,129,44,.546,2,8,2,1,11220,0,0,21.96,3.78419,14.32009,1996,3,199608,14613.56,6.500167,7.164071,11.84491,496,.0065725,.0042842,13.31603,710.1586,0,0
0,.0126459,.0844836,.25,772.7628,.2373541,6.565488,28.60194,.0376309,3,1996,.3553144,0,0,130,44,.546,2,8,2,2,6710,0,0,21.96,3.78419,14.32009,1996,3,199608,8739.482,5.987078,6.649972,11.84491,496,.0065725,.0042842,13.31603,710.1586,0,0
1,.0130555,.4828777,.25,1292.161,.2369445,6.681193,28.60194,.0376309,3,1996,.3553144,0,0,131,42,.698,2,8,2,1,10710,0,0,21.96,3.73767,13.97017,1996,3,199608,13949.31,6.500167,7.164071,0,497,.2802,.030717,0,797.27,0,0
0,.0130555,-.0312214,.25,772.7628,.2369445,6.681193,28.60194,.0376309,3,1996,.3553144,0,0,132,42,.698,2,8,2,2,6405,0,0,21.96,3.73767,13.97017,1996,3,199608,8342.233,5.987078,6.649972,0,497,.2802,.030717,0,797.27,0,0
1,.0096627,.4377985,.25,1292.161,.2403373,6.726273,28.60194,.0376309,3,1996,.3553144,1,0,133,42,.748,2,8,2,1,10710,1,0,21.96,3.73767,13.97017,1996,3,199608,13949.31,6.500167,7.164071,11.55116,498,.36152,.020599,12.43087,834.0327,0,0
0,.0096627,.1948524,.25,1013.459,.2403373,6.726273,28.60194,.0376309,3,1996,.3553144,1,0,134,42,.748,2,8,2,2,8400,1,0,21.96,3.73767,13.97017,1996,3,199608,10940.63,6.257634,6.921125,11.55116,498,.36152,.020599,12.43087,834.0327,0,0
1,.0085881,.5417161,.25,1292.161,.2414119,6.622355,28.60194,.0376309,3,1996,.3553144,0,0,135,67,.638,2,8,2,1,17085,0,0,21.96,4.204693,17.67944,1996,3,199608,22252.47,6.500167,7.164071,9.924307,499,.322,.038359,0,751.7133,0,0
0,.0085881,.027617,.25,772.7628,.2414119,6.622355,28.60194,.0376309,3,1996,.3553144,0,0,136,67,.638,2,8,2,2,10217.5,0,0,21.96,4.204693,17.67944,1996,3,199608,13307.85,5.987078,6.649972,9.924307,499,.322,.038359,0,751.7133,0,0
1,.0140703,.6247878,.25,1292.161,.2359297,6.539283,28.60194,.0376309,3,1996,.3553144,0,0,137,156,.51,2,8,2,1,39780,0,0,21.96,5.049856,25.50105,1996,3,199608,51811.72,6.500167,7.164071,11.55116,500,.36586,.020599,12.43087,691.7906,0,0
0,.0140703,.1106887,.25,772.7628,.2359297,6.539283,28.60194,.0376309,3,1996,.3553144,0,0,138,156,.51,2,8,2,2,23790,0,0,21.96,5.049856,25.50105,1996,3,199608,30985.44,5.987078,6.649972,11.55116,500,.36586,.020599,12.43087,691.7906,0,0
1,-.0281448,-.5224395,.21,418.052,.2381448,6.558045,28.60194,.0376309,3,1996,.3553144,0,0,139,125,.534,2,8,2,1,10312.5,0,0,21.96,4.828314,23.31261,1996,3,199608,13431.58,5.37484,6.035606,10.54188,503,.31383,.024804,12.25721,704.8926,0,0
0,-.0351448,-.6177497,.203,380.0473,.2381448,6.558045,28.60194,.0376309,3,1996,.3553144,0,0,140,125,.534,2,8,2,2,9375,0,0,21.96,4.828314,23.31261,1996,3,199608,12210.53,5.279993,5.940296,10.54188,503,.31383,.024804,12.25721,704.8926,0,0
1,.0140279,.4347339,.25,1065.498,.2359721,6.536464,31.24593,.0391439,3,1996,.4699517,0,0,141,117,.506,2,9,2,1,24628.5,0,0,23.99,4.762174,22.6783,1996,3,199609,32077.55,6.308707,6.971198,12.79767,504,.26873,-.0015357,0,689.8431,0,0
0,.0140279,.1635423,.25,812.4109,.2359721,6.536464,31.24593,.0391439,3,1996,.4699517,0,0,142,117,.506,2,9,2,2,18778.5,0,0,23.99,4.762174,22.6783,1996,3,199609,24458.18,6.038082,6.700006,12.79767,504,.26873,-.0015357,0,689.8431,0,0
1,-.007063,-.3570042,.225,450.5523,.232063,6.467478,30.72517,.0370069,3,1996,.3641027,0,0,143,40,.444,2,11,2,1,3573,0,0,23.71,3.688879,13.60783,1996,4,199611,4630.158,5.448924,6.110474,0,509,-.31438,-.0066157,0,643.858,0,0
0,.017937,-.91746,.25,257.2423,.232063,6.467478,30.72517,.0370069,3,1996,.3641027,0,0,144,40,.444,2,11,2,2,2040,0,0,23.71,3.688879,13.60783,1996,4,199611,2643.583,4.891695,5.550018,0,509,-.31438,-.0066157,0,643.858,0,0
1,.0225247,-.3347907,.25,383.3415,.2274753,6.283717,30.72517,.0370069,3,1996,.3641027,0,0,145,140,.278,2,11,2,1,10640,0,0,23.71,4.941642,24.41983,1996,4,199611,13788.1,5.28813,5.948926,0,510,-.29066,-.0068824,0,535.7763,0,0
0,.0225247,-.7435503,.25,254.7203,.2274753,6.283717,30.72517,.0370069,3,1996,.3641027,0,0,146,140,.278,2,11,2,2,7070,0,0,23.71,4.941642,24.41983,1996,4,199611,9161.829,4.881917,5.540166,0,510,-.29066,-.0068824,0,535.7763,0,0
1,.0212743,.0207639,.25,567.4462,.2287257,6.320382,30.72517,.0370069,3,1996,.3641027,0,0,147,108,.318,2,11,2,1,12150,0,0,23.71,4.682131,21.92235,1996,4,199611,15744.87,5.67871,6.341146,0,511,-.25403,-.0052717,0,555.7853,0,0
0,.0212743,-.7802157,.25,254.7203,.2287257,6.320382,30.72517,.0370069,3,1996,.3641027,0,0,148,108,.318,2,11,2,2,5454,0,0,23.71,4.682131,21.92235,1996,4,199611,7067.696,4.881917,5.540166,0,511,-.25403,-.0052717,0,555.7853,0,0
1,.0218953,.0388737,.25,567.4462,.2281047,6.302272,30.72517,.0370069,3,1996,.3641027,0,0,149,128,.3,2,11,2,1,14400,0,0,23.71,4.85203,23.5422,1996,4,199611,18660.58,5.67871,6.341146,0,512,-.25403,-.0052717,0,545.8107,0,0
0,.0218953,-.7621059,.25,254.7203,.2281047,6.302272,30.72517,.0370069,3,1996,.3641027,0,0,150,128,.3,2,11,2,2,6464,0,0,23.71,4.85203,23.5422,1996,4,199611,8376.529,4.881917,5.540166,0,512,-.25403,-.0052717,0,545.8107,0,0
1,.0183143,.1003394,.25,822.1666,.2316857,6.611604,30.72517,.0370069,3,1996,.3641027,1,0,151,40,.618,2,11,2,1,6520,1,0,23.71,3.688879,13.60783,1996,4,199611,8449.099,6.048447,6.711943,0,513,.071039,-.0086726,13.03976,743.6747,0,0
0,-.0066857,-.0752563,.225,689.7625,.2316857,6.611604,30.72517,.0370069,3,1996,.3641027,1,0,152,40,.618,2,11,2,2,5470,1,0,23.71,3.688879,13.60783,1996,4,199611,7088.431,5.873304,6.536347,0,513,.071039,-.0086726,13.03976,743.6747,0,0
1,.0183143,.0757713,.25,822.1666,.2316857,6.636172,30.72517,.0370069,3,1996,.3641027,1,0,153,40,.654,2,11,2,1,6520,1,0,23.71,3.688879,13.60783,1996,4,199611,8449.099,6.048447,6.711943,0,514,.10459,-.0086726,13.03976,762.1717,0,0
0,-.0066857,-.7205544,.225,370.7831,.2316857,6.636172,30.72517,.0370069,3,1996,.3641027,1,0,154,40,.654,2,11,2,2,5470,1,0,23.71,3.688879,13.60783,1996,4,199611,7088.431,3.595726,5.915617,0,514,.10459,-.0086726,13.03976,762.1717,0,0
1,.0183143,.1003394,.25,822.1666,.2316857,6.611604,30.72517,.0370069,3,1996,.3641027,1,0,155,40,.618,2,11,2,1,6520,1,0,23.71,3.688879,13.60783,1996,4,199611,8449.099,6.048447,6.711943,0,515,.071039,-.0086726,13.03976,743.6747,0,0
0,-.0066857,-.0752563,.225,689.7625,.2316857,6.611604,30.72517,.0370069,3,1996,.3641027,1,0,156,40,.618,2,11,2,2,5470,1,0,23.71,3.688879,13.60783,1996,4,199611,7088.431,5.873304,6.536347,0,515,.071039,-.0086726,13.03976,743.6747,0,0
1,-.0162532,-.2750759,.2225,557.1669,.2387532,6.597941,32.90224,.0374811,3,1996,.4007332,0,0,157,103.84,.584,2,12,2,1,11474.3,0,0,25.39,4.642851,21.55607,1996,4,199612,14869.27,5.660834,6.322865,12.32045,523,.34647,.0044882,12.82667,733.5831,0,0
0,-.0187532,-.5084529,.22,441.1955,.2387532,6.597941,32.90224,.0374811,3,1996,.4007332,0,0,158,103.84,.584,2,12,2,2,9086,0,0,25.39,4.642851,21.55607,1996,4,199612,11774.31,5.428371,6.089488,12.32045,523,.34647,.0044882,12.82667,733.5831,0,0
1,-.0131572,-.2120585,.2225,557.1669,.2356572,6.534924,32.90224,.0374811,3,1996,.4007332,0,0,159,239.21,.504,2,12,2,1,26432.7,0,0,25.39,5.477342,30.00127,1996,4,199612,34253.46,5.660834,6.322865,12.32045,524,.34647,.0044882,12.82667,688.7811,0,0
0,-.0156572,-.4454355,.22,441.1955,.2356572,6.534924,32.90224,.0374811,3,1996,.4007332,0,0,160,239.21,.504,2,12,2,2,20930.9,0,0,25.39,5.477342,30.00127,1996,4,199612,27123.78,5.428371,6.089488,12.32045,524,.34647,.0044882,12.82667,688.7811,0,0
1,-.0122883,-1.061336,.21,138.6614,.2222883,5.993371,32.90224,.0374811,3,1996,.4007332,0,1,161,120,.086,2,12,2,1,3300,0,0,25.39,4.787492,22.92008,1996,4,199612,4276.384,4.280452,4.932035,10.60491,525,-.34829,-.015758,12.15671,400.7635,0,0
0,-.0222883,-.9743247,.2,151.267,.2222883,5.993371,32.90224,.0374811,3,1996,.4007332,0,1,162,120,.086,2,12,2,2,3600,0,0,25.39,4.787492,22.92008,1996,4,199612,4665.146,4.366309,5.019047,10.60491,525,-.34829,-.015758,12.15671,400.7635,0,0
1,.0107543,1.086881,.25,1788.903,.2392457,6.402477,28.60381,.0426064,3,1997,.3142806,0,1,163,48.649,.382,2,2,2,1,17431.5,0,0,22.21,3.884631,15.09036,1997,1,199702,22449.63,6.828628,7.489358,12.47851,527,.320635,.0733475,0,603.3378,0,0
0,.0107543,.6756492,.25,1185.745,.2392457,6.402477,28.60381,.0426064,3,1997,.3142806,0,1,164,48.649,.382,2,2,2,2,11554.2,0,0,22.21,3.884631,15.09036,1997,1,199702,14880.37,6.417947,7.078126,12.47851,527,.320635,.0733475,0,603.3378,0,0
1,.0098822,-.3252034,.25,647.845,.2401178,6.798855,27.03259,.0451617,3,1997,.3019413,0,0,165,85,.814,2,3,2,1,11050,0,0,20.99,4.442651,19.73715,1997,1,199703,14231.07,5.816661,6.473651,13.24431,528,.529735,.017294,14.05888,896.8197,0,0
0,-.0151178,-.4697847,.225,560.6351,.2401178,6.798855,27.03259,.0451617,3,1997,.3019413,0,0,166,85,.814,2,3,2,2,9562.5,0,0,20.99,4.442651,19.73715,1997,1,199703,12315.35,5.672543,6.32907,13.24431,528,.529735,.017294,14.05888,896.8197,0,0
1,.0147341,1.359804,.25,2984.22,.2352659,6.64129,26.75418,.0464377,3,1997,.3005963,1,0,167,46,.66,2,5,2,1,27646,1,0,20.83,3.828641,14.65849,1997,2,199705,35508.69,7.342686,8.001094,8.847648,529,.042458,-.0057604,12.27333,766.0824,0,0
0,.0147341,-.1712561,.25,645.5053,.2352659,6.64129,26.75418,.0464377,3,1997,.3005963,1,0,168,46,.66,2,5,2,2,5980,1,0,20.83,3.828641,14.65849,1997,2,199705,7680.748,5.813968,6.470034,8.847648,529,.042458,-.0057604,12.27333,766.0824,0,0
1,.0143247,1.329894,.25,2984.22,.2356753,6.6712,26.75418,.0464377,3,1997,.3005963,1,0,169,40,.684,2,5,2,1,24040,1,0,20.83,3.688879,13.60783,1997,2,199705,30877.12,7.342686,8.001094,8.847648,530,.042458,-.0057604,12.27333,789.3425,0,0
0,.0143247,-.2011671,.25,645.5052,.2356753,6.6712,26.75418,.0464377,3,1997,.3005963,1,0,170,40,.684,2,5,2,2,5200,1,0,20.83,3.688879,13.60783,1997,2,199705,6678.911,5.813968,6.470033,8.847648,530,.042458,-.0057604,12.27333,789.3425,0,0
1,.0127643,.5418797,.25,1502.041,.2372357,6.772701,26.75418,.0464377,3,1997,.3005963,1,0,171,40,.782,2,5,2,1,12100,1,0,20.83,3.688879,13.60783,1997,2,199705,15541.31,6.656811,7.31458,11.45207,531,.21535,-.0039117,13.1677,873.6683,0,0
0,.0127643,-.3026676,.25,645.5052,.2372357,6.772701,26.75418,.0464377,3,1997,.3005963,1,0,172,40,.782,2,5,2,2,5200,1,0,20.83,3.688879,13.60783,1997,2,199705,6678.911,5.813968,6.470033,11.45207,531,.21535,-.0039117,13.1677,873.6683,0,0
1,.0134707,.1449389,.25,873.9149,.2365293,6.628044,26.75418,.0464377,3,1997,.3005963,0,0,173,67,.64,2,5,2,1,11792,0,0,20.83,4.204693,17.67944,1997,2,199705,15145.72,6.116137,6.772983,11.23064,532,.106222,-.0015362,0,756.0021,0,0
0,-.0065293,.1175632,.23,850.3154,.2365293,6.628044,26.75418,.0464377,3,1997,.3005963,0,0,174,67,.64,2,5,2,2,15477,0,0,20.83,4.204693,17.67944,1997,2,199705,19878.75,5.696079,6.745607,11.23064,532,.106222,-.0015362,0,756.0021,0,0
1,-.0206541,-.2579794,.215,551.1622,.2356541,6.570009,26.75418,.0464377,3,1997,.3005963,1,0,175,278.93,.55,2,5,2,1,30961.2,1,0,20.83,5.630961,31.70772,1997,2,199705,39766.79,5.656475,6.312029,12.20286,533,.202915,.0131975,12.99136,713.3761,0,0
0,-.0156541,-.4732709,.22,444.4056,.2356541,6.570009,26.75418,.0464377,3,1997,.3005963,1,0,176,278.93,.55,2,5,2,2,24964.2,1,0,20.83,5.630961,31.70772,1997,2,199705,32064.22,5.442022,6.096738,12.20286,533,.202915,.0131975,12.99136,713.3761,0,0
1,.0165482,.9752498,.25,2117.861,.2334518,6.682912,24.62206,.044736,3,1997,.3181911,1,0,177,40,.7,2,6,2,1,17040,1,0,19.17,3.688879,13.60783,1997,2,199706,21886.28,6.998796,7.658162,8.847648,534,.045366,-.0057604,12.27333,798.6413,0,0
0,.0165482,-.5408187,.25,465.0259,.2334518,6.682912,24.62206,.044736,3,1997,.3181911,1,0,178,40,.7,2,6,2,2,1220,1,0,19.17,3.688879,13.60783,1997,2,199706,1566.975,5.973157,6.142093,8.847648,534,.045366,-.0057604,12.27333,798.6413,0,0
1,-.0032595,.975111,.23,1915.669,.2332595,6.582711,24.62206,.044736,3,1997,.3181911,0,0,179,159,.56,2,6,2,1,61267.5,0,0,19.17,5.068904,25.69379,1997,2,199706,78692.3,6.898553,7.557822,11.327,536,.3111,.0062273,11.4199,722.4955,0,0
0,-.0032595,.0644364,.23,770.5831,.2332595,6.582711,24.62206,.044736,3,1997,.3181911,0,0,180,159,.56,2,6,2,2,24645,0,0,19.17,5.068904,25.69379,1997,2,199706,31654.19,5.989377,6.647148,11.327,536,.3111,.0062273,11.4199,722.4955,0,0
1,-.0042279,-.5244637,.22,438.9135,.2242279,6.608766,25.12318,.0431506,3,1997,.3225753,0,0,181,857.32,.61,2,7,2,1,75872.8,0,0,19.63,6.753811,45.61397,1997,3,199707,97104.78,5.427287,6.084302,12.22213,537,.1959,-.0099549,11.59183,741.5674,0,0
0,-.0192279,-.3973088,.205,498.4271,.2242279,6.608766,25.12318,.0431506,3,1997,.3225753,0,0,182,857.32,.61,2,7,2,2,86160.7,0,0,19.63,6.753811,45.61397,1997,3,199707,110271.5,5.553916,6.211457,12.22213,537,.1959,-.0099549,11.59183,741.5674,0,0
1,.014114,.8232551,.25,2168.451,.235886,6.858513,25.12318,.0431506,3,1997,.3225753,0,0,183,47,.864,2,7,2,1,20550,0,0,19.63,3.850147,14.82364,1997,3,199707,26300.63,7.021241,7.681768,11.251,538,.58494,.0043593,13.25331,951.9508,0,0
0,.014114,.3107691,.25,1298.912,.235886,6.858513,25.12318,.0431506,3,1997,.3225753,0,0,184,47,.864,2,7,2,2,16591,0,0,19.63,3.850147,14.82364,1997,3,199707,21233.76,6.115411,7.169282,11.251,538,.58494,.0043593,13.25331,951.9508,0,0
1,.0226916,.4187641,.25125,1083.645,.2285584,6.569322,25.12318,.0431506,3,1997,.3225753,1,0,185,355,.548,2,7,2,1,77567.5,1,0,19.63,5.872118,34.48177,1997,3,199707,99273.69,6.328452,6.988086,10.91479,539,.31867,.0036742,12.77749,712.8861,0,0
0,.0014416,.1226559,.23,805.9145,.2285584,6.569322,25.12318,.0431506,3,1997,.3225753,1,0,186,355,.548,2,7,2,2,57687.5,1,0,19.63,5.872118,34.48177,1997,3,199707,73830.55,6.032959,6.691978,10.91479,539,.31867,.0036742,12.77749,712.8861,0,0
1,.0202123,.9575648,.25,1740.538,.2297877,6.504385,25.50714,.0433401,3,1997,.307145,0,0,187,197.58,.474,2,8,2,1,69350.6,0,0,19.93,5.286144,27.94332,1997,3,199708,88757.38,6.801778,7.461949,11.27181,540,.20264,-.0065206,0,668.0643,0,0
0,-.0047877,.6689324,.225,1304.164,.2297877,6.504385,25.50714,.0433401,3,1997,.307145,0,0,188,197.58,.474,2,8,2,2,51963.5,0,0,19.93,5.286144,27.94332,1997,3,199708,66504.81,6.513518,7.173317,11.27181,540,.20264,-.0065206,0,668.0643,0,0
1,.0046591,-.3948536,.235,498.3591,.2303409,6.606174,25.50714,.0433401,3,1997,.307145,0,0,189,483,.606,2,8,2,1,48541.5,0,0,19.93,6.180017,38.1926,1997,3,199708,62125.17,5.553917,6.211321,11.52839,541,.28,.013655,12.95923,739.6481,0,0
0,-.0053409,-.6419125,.225,389.2656,.2303409,6.606174,25.50714,.0433401,3,1997,.307145,0,0,190,483,.606,2,8,2,2,37915.5,0,0,19.93,6.180017,38.1926,1997,3,199708,48525.63,5.307942,5.964262,11.52839,541,.28,.013655,12.95923,739.6481,0,0
1,.0166636,.3342857,.25,1028.563,.2333364,6.601633,27.11908,.0425919,3,1997,.3364361,0,0,191,290,.59,2,10,2,1,60320,0,0,21.26,5.669881,32.14755,1997,4,199710,76943.69,6.275978,6.935918,12.59176,542,.31082,.0062914,13.61997,736.2963,0,0
0,-.0458364,-.9428091,.1875,286.811,.2333364,6.601633,27.11908,.0425919,3,1997,.3364361,0,0,192,290,.59,2,10,2,2,16820,0,0,21.26,5.669881,32.14755,1997,4,199710,21455.45,5.003736,5.658823,12.59176,542,.31082,.0062914,13.61997,736.2963,0,0
1,-.0173937,.3595295,.22,1236.254,.2373937,6.760312,27.11908,.0425919,3,1997,.3364361,0,0,193,73,.776,2,10,2,1,18250,0,0,21.26,4.29046,18.40804,1997,4,199710,23279.55,6.459585,7.119842,10.72009,543,.41607,.0051156,14.65285,862.9114,0,0
0,-.0173937,-1.067587,.22,296.701,.2373937,6.760312,27.11908,.0425919,3,1997,.3364361,0,0,194,73,.776,2,10,2,2,4380,0,0,21.26,4.29046,18.40804,1997,4,199710,5587.091,5.037414,5.692725,10.72009,543,.41607,.0051156,14.65285,862.9114,0,0
1,.0277076,.3186836,.25,1115.101,.2222924,6.698017,25.72868,.0425919,3,1997,.3381677,0,0,195,1325,.728,2,11,2,1,298788,0,0,20.17,7.189168,51.68414,1997,4,199711,381130.8,6.356614,7.016701,11.63947,544,.34944,.0041094,0,810.7965,0,0
0,.0277076,-.2437077,.25,635.4347,.2222924,6.698017,25.72868,.0425919,3,1997,.3381677,0,0,196,1325,.728,2,11,2,2,170263,0,0,20.17,7.189168,51.68414,1997,4,199711,217185.4,5.795532,6.454309,11.63947,544,.34944,.0041094,0,810.7965,0,0
1,.0077679,-.8581719,.252,375.8133,.2442321,6.787264,19.12815,.0385736,3,1998,.4212296,0,0,197,67,.796,2,3,2,1,145.5,0,0,15.02,4.204693,17.67944,1998,1,199803,185.296,5.917797,5.929092,11.16377,548,.10385,-.0004923,0,886.4851,0,0
0,-.0442321,-1.052446,.2,309.4566,.2442321,6.787264,19.12815,.0385736,3,1998,.4212296,0,0,198,67,.796,2,3,2,2,4187.5,0,0,15.02,4.204693,17.67944,1998,1,199803,5332.832,5.076355,5.734818,11.16377,548,.10385,-.0004923,0,886.4851,0,0
1,.0146555,-.7154613,.255,387.2603,.2403445,6.674558,19.12815,.0385736,3,1998,.4212296,0,0,199,92,.692,2,3,2,1,150.5,0,0,15.02,4.521789,20.44657,1998,1,199803,191.6636,5.951494,5.959097,11.16377,549,.088662,-.0015585,0,791.9974,0,0
0,.0096555,.1807146,.25,948.8709,.2403445,6.674558,19.12815,.0385736,3,1998,.4212296,0,0,200,92,.692,2,3,2,2,23736,0,0,15.02,4.521789,20.44657,1998,1,199803,30228.09,5.797777,6.855273,11.16377,549,.088662,-.0015585,0,791.9974,0,0
1,.0166971,1.058821,.255,2040.16,.2383029,6.561962,19.62205,.0372174,3,1998,.407268,1,0,201,256,.54,2,4,2,1,105600,1,0,15.44,5.545177,30.74899,1998,2,199804,134202.6,6.956029,7.620783,11.54545,550,.21332,.011184,14.78401,707.6589,0,0
0,.0216971,.2506237,.26,909.2189,.2383029,6.561962,19.62205,.0372174,3,1998,.407268,1,0,202,256,.54,2,4,2,2,47061.8,1,0,15.44,5.545177,30.74899,1998,2,199804,59808.82,6.149016,6.812586,11.54545,550,.21332,.011184,14.78401,707.6589,0,0
1,.0057861,-.0351353,.25,881.0818,.2442139,6.816286,18.9286,.0309577,3,1998,.4408841,1,0,203,40,.826,2,9,2,1,7120,1,0,14.95,3.688879,13.60783,1998,3,199809,9014.826,6.11311,6.78115,13.84868,551,.17689,-.0027647,13.53596,912.589,0,0
0,-.0442139,-.0464344,.2,871.1821,.2442139,6.816286,18.9286,.0309577,3,1998,.4408841,1,0,204,40,.826,2,9,2,2,7040,1,0,14.95,3.688879,13.60783,1998,3,199809,8913.536,6.101835,6.769851,13.84868,551,.17689,-.0027647,13.53596,912.589,0,0
1,.0347367,.3211017,.25,744.0201,.2152633,6.290967,18.16277,.0238628,3,1998,.4067394,0,1,205,640,.286,2,10,2,1,96000,0,0,14.39,6.461468,41.75057,1998,4,199810,121169.3,5.93926,6.612068,10.09654,552,.35945,.0070697,13.02897,539.6747,0,0
0,.0147367,.6433859,.23,1026.954,.2152633,6.290967,18.16277,.0238628,3,1998,.4067394,0,1,206,640,.286,2,10,2,2,162050,0,0,14.39,6.461468,41.75057,1998,4,199810,204536.3,6.019101,6.934352,10.09654,552,.35945,.0070697,13.02897,539.6747,0,0
1,.0283319,.0189114,.25,499.5338,.2216681,6.194764,16.21902,.0277928,3,1998,.462284,1,1,207,80,.214,2,11,2,1,8080,1,0,12.85,4.382027,19.20216,1998,4,199811,10198.42,5.545022,6.213675,11.09742,553,-.26413,-.013511,12.20685,490.1756,0,0
0,-.0116681,-.6546273,.21,254.7128,.2216681,6.194764,16.21902,.0277928,3,1998,.462284,1,1,208,80,.214,2,11,2,2,4120,1,0,12.85,4.382027,19.20216,1998,4,199811,5200.182,4.875232,5.540136,11.09742,553,-.26413,-.013511,12.20685,490.1756,0,0
1,.0216828,.7875304,.25,1247.823,.2283172,6.341626,22.39301,.0282942,3,1999,.3435052,0,1,209,49.59,.338,2,6,2,1,12620.7,0,0,17.89,3.903789,15.23957,1999,2,199906,15797.35,6.458523,7.129156,13.76575,555,.066323,.016086,13.27639,567.7185,0,0
0,.0266828,.6643295,.255,1103.183,.2283172,6.341626,22.39301,.0282942,3,1999,.3435052,0,1,210,49.59,.338,2,6,2,2,11157.8,0,0,17.89,3.903789,15.23957,1999,2,199906,13966.22,6.335528,7.005955,13.76575,555,.066323,.016086,13.27639,567.7185,0,0
0,-.0408622,-1.252941,.205,246.9677,.2458622,6.762199,29.78299,.0268712,3,1999,.4159525,1,0,211,145,.778,2,9,2,1,7322.5,1,1,23.88,4.976734,24.76788,1999,3,199909,9132.577,4.843924,5.509258,10.26758,556,-.4155,-.016188,12.04442,864.5412,0,0
1,-.0008622,-.7928882,.245,391.236,.2458622,6.762199,29.78299,.0268712,3,1999,.4159525,1,0,212,145,.778,2,9,2,2,11600,1,1,23.88,4.976734,24.76788,1999,3,199909,14467.45,5.301069,5.969311,10.26758,556,-.4155,-.016188,12.04442,864.5412,0,0
1,.0086701,.6099396,.245,1225.058,.2363299,6.500803,29.78299,.0268712,3,1999,.4159525,1,0,213,500,.472,2,9,2,1,125250,1,1,23.88,6.214608,38.62135,1999,3,199909,156211,6.439101,7.110743,0,557,-.38756,-.016969,11.88362,665.6763,0,0
0,-.0488299,-.7783527,.1875,305.6531,.2363299,6.500803,29.78299,.0268712,3,1999,.4159525,1,0,214,500,.472,2,9,2,2,31250,1,1,23.88,6.214608,38.62135,1999,3,199909,38974.8,5.055604,5.722451,0,557,-.38756,-.016969,11.88362,665.6763,0,0
0,.0166836,.101182,.25,729.1268,.2333164,6.490666,31.00053,.0289305,3,1999,.4707623,0,1,215,48,.464,2,11,2,1,7200,0,0,24.97,3.871201,14.9862,1999,4,199911,8938.881,5.922793,6.591848,12.97971,558,.15153,-.0022442,13.12846,658.962,0,0
1,.0166836,.6664958,.25,1283.263,.2333164,6.490666,31.00053,.0289305,3,1999,.4707623,0,1,216,48,.464,2,11,2,2,12672,0,0,24.97,3.871201,14.9862,1999,4,199911,15732.43,6.48695,7.157162,12.97971,558,.15153,-.0022442,13.12846,658.962,0,0
1,-.0221481,.2341199,.23,1183.602,.2521482,6.842198,38.00273,.0380415,3,2000,.3928964,0,0,217,290,.848,2,8,2,1,72500,0,0,31.22,5.669881,32.14755,2000,3,200008,88251.05,6.412849,7.076318,12.217,559,.28299,.0057138,12.87106,936.5453,0,0
0,-.0021482,-.0246506,.25,913.741,.2521482,6.842198,38.00273,.0380415,3,2000,.3928964,0,0,218,290,.848,2,8,2,2,55970,0,0,31.22,5.669881,32.14755,2000,3,200008,68129.8,6.154562,6.817547,12.217,559,.28299,.0057138,12.87106,936.5453,0,0
1,.0121426,.4805965,.25,1200.173,.2378574,6.609624,38.00273,.0380415,3,2000,.3928964,0,1,219,80,.612,2,8,2,1,20280,0,0,31.22,4.382027,19.20216,2000,3,200008,24685.95,6.426729,7.090221,13.02595,560,.20724,-.0019036,12.8645,742.2042,0,0
0,.0121426,-.40558,.25,494.7458,.2378574,6.609624,38.00273,.0380415,3,2000,.3928964,0,1,220,80,.612,2,8,2,2,8360,0,0,31.22,4.382027,19.20216,2000,3,200008,10176.26,5.542856,6.204044,13.02595,560,.20724,-.0019036,12.8645,742.2042,0,0
1,.0063078,.2395372,.25,1070.342,.2436922,6.736196,41.24063,.0375705,3,2000,.4420642,0,1,221,40,.762,2,9,2,1,9040,0,0,33.88,3.688879,13.60783,2000,3,200009,11003.99,6.312097,6.975733,13.02595,561,.20478,-.0019036,12.8645,842.3503,0,0
0,.0063078,-.1472974,.25,726.9799,.2436922,6.736196,41.24063,.0375705,3,2000,.4420642,0,1,222,40,.762,2,9,2,2,6140,0,0,33.88,3.688879,13.60783,2000,3,200009,7473.951,5.926119,6.588899,13.02595,561,.20478,-.0019036,12.8645,842.3503,0,0
0,-.0068007,-.2225332,.25,823.2125,.2568007,6.935748,41.65002,.0395271,3,2000,.4267725,1,0,223,158,.91,2,11,2,1,27650,1,0,34.4,5.062595,25.62987,2000,4,200011,33477.41,6.051536,6.713214,11.52271,562,.24135,.011294,12.65244,1028.388,0,0
1,-.0058007,-.1535401,.251,882.0134,.2568007,6.935748,41.65002,.0395271,3,2000,.4267725,1,0,224,158,.91,2,11,2,2,29625,1,0,34.4,5.062595,25.62987,2000,4,200011,35868.66,6.120371,6.782207,11.52271,562,.24135,.011294,12.65244,1028.388,0,0
0,.0433767,-.9126344,.25,158.2352,.2066233,5.976717,32.7483,.0258184,3,2001,.375001,0,1,225,160,.084,2,4,2,1,5400,0,0,27.41,5.075174,25.75739,2001,2,200104,6451.69,4.402394,5.064083,10.74982,563,-.2815,-.015655,0,394.1443,0,0
1,.0433767,-.1141267,.25,351.6338,.2066233,5.976717,32.7483,.0258184,3,2001,.375001,0,1,226,160,.084,2,4,2,2,12000,0,0,27.41,5.075174,25.75739,2001,2,200104,14337.09,5.194143,5.86259,10.74982,563,-.2815,-.015655,0,394.1443,0,0
0,.0421534,.6499047,.275,711.6884,.2328466,5.917736,30.97439,.0053104,3,2002,.4522596,0,1,227,107.012,.074,2,4,2,1,16212.3,0,0,26.27,4.672941,21.83638,2002,2,200204,19115.6,5.881261,6.56764,10.32645,564,-.44175,-.01349,0,371.5694,0,0
1,.0171534,1.314598,.25,1383.447,.2328466,5.917736,30.97439,.0053104,3,2002,.4522596,0,1,228,107.012,.074,2,4,2,2,31515,0,0,26.27,4.672941,21.83638,2002,2,200204,37158.7,6.544598,7.232334,10.32645,564,-.44175,-.01349,0,371.5694,0,0
0,.0062866,-.7925415,.25,399.2978,.2437134,6.782249,30.97439,.0053104,3,2002,.4522596,0,1,229,106.811,.794,2,4,2,1,9078.95,0,0,26.27,4.671061,21.81881,2002,2,200204,10704.79,5.30551,5.989707,10.59212,565,.42636,.0028782,14.83812,882.0502,0,0
1,.0062866,-.1885471,.25,730.4801,.2437134,6.782249,30.97439,.0053104,3,2002,.4522596,0,1,230,106.811,.794,2,4,2,2,16609.1,0,0,26.27,4.671061,21.81881,2002,2,200204,19583.48,5.907251,6.593702,10.59212,565,.42636,.0028782,14.83812,882.0502,0,0
0,.022731,-.5013881,.23,525.9387,.207269,6.766573,36.33791,-.0152026,3,2003,.3335962,0,0,231,246,.782,2,8,2,1,27798,0,0,31.59,5.505332,30.30868,2003,3,200308,31975.98,5.564395,6.265185,11.06267,567,-.37708,-.0099378,12.6833,868.331,0,0
1,.022731,-.1804595,.23,724.9577,.207269,6.766573,36.33791,-.0152026,3,2003,.3335962,0,0,232,246,.782,2,8,2,2,38317,0,0,31.59,5.505332,30.30868,2003,3,200308,44075.92,5.884271,6.586113,11.06267,567,-.37708,-.0099378,12.6833,868.331,0,0
1,-.031481,.4375329,.2025,1413.623,.233981,6.816379,34.72397,-.0180542,3,2003,.337935,1,0,233,94,.828,2,10,2,1,28623,1,0,30.33,4.543295,20.64153,2003,4,200310,32769.68,6.548544,7.253911,10.86234,568,.39568,.0047412,11.02219,912.6738,0,0
0,-.013981,.2443147,.22,1165.253,.233981,6.816379,34.72397,-.0180542,3,2003,.337935,1,0,234,94,.828,2,10,2,2,23594,1,0,30.33,4.543295,20.64153,2003,4,200310,27012.11,6.355631,7.060693,10.86234,568,.39568,.0047412,11.02219,912.6738,0,0
0,.0489276,1.088954,.263,1506.996,.2140724,6.228919,31.23813,.0301408,3,1987,.2328784,0,0,235,62,.242,1,11,2,2,14466.5,0,0,18.92,4.127134,17.03324,1987,4,198711,23885.05,6.648318,7.317873,11.8657,422,.25411,.0077605,0,507.2069,0,0
1,.0492258,1.028185,.2576,1235.893,.2083742,6.091363,30.37481,.0388777,3,1989,.3025602,0,1,236,384.29,.156,1,7,2,1,79019.6,0,0,19.644,5.951397,35.41913,1989,3,198907,122185.2,6.456614,7.119549,12.38587,434,.051278,-.0062585,0,442.0237,0,0
1,-.0240766,-.9215088,.22,583.6553,.2440766,7.290819,29.0793,.0382202,3,1991,.5016271,0,0,237,626,.984,1,3,2,1,64165,0,0,19.86,6.439351,41.46524,1991,1,199103,93951.34,5.707655,6.36931,10.65534,448,.507555,.00912,11.22853,1466.772,0,0
0,.0271894,1.021151,.25,1664.857,.2228106,6.396343,24.75351,.0317799,3,1996,.3152833,0,0,238,80,.378,1,1,2,2,26000,0,0,18.88,4.382027,19.20216,1996,1,199601,34088.52,6.749009,7.417494,0,483,.016974,-.0091392,11.44966,599.6483,0,0
0,.0271894,1.266544,.25,2115.649,.2228106,6.390573,24.75351,.0317799,3,1996,.3152833,0,0,239,80,.372,1,1,2,2,33040,0,0,18.88,4.382027,19.20216,1996,1,199601,43318.65,6.988382,7.657117,0,486,.012969,-.0091392,11.44966,596.1978,0,0
0,.0213078,.148262,.25,583.1656,.2286922,6.220209,24.75351,.0317799,3,1996,.3152833,1,0,240,50,.232,1,1,2,2,7650,1,0,18.88,3.912023,15.30392,1996,1,199601,10029.89,5.306275,6.368471,11.29301,487,-.6373301,-.0135655,0,502.8084,0,0
0,-.0150537,.810801,.23,2043.537,.2450537,6.811636,20.4526,.0378142,3,1998,.4429692,0,0,241,62,.822,1,2,2,2,25575,0,0,16.06,4.127134,17.03324,1998,1,199802,32570.07,6.958113,7.622437,11.29539,547,.58271,.0047037,13.52892,908.3561,0,0
1,-.03566,-.7776418,.2,314.0853,.23566,6.527307,14.23739,.0276972,3,1998,.560743,0,0,242,80,.492,1,12,2,1,5080,0,0,11.28,4.382027,19.20216,1998,4,199812,6411.875,5.083247,5.749665,8.232739,554,-.40616,-.0082633,7.547876,683.5546,0,0
1,-.0212139,-.666975,.25,637.8293,.2712139,7.125046,30.09008,.0025744,3,2002,.3965908,0,0,243,66,.972,1,6,2,1,8943,0,0,25.52,4.189655,17.55321,2002,2,200206,10544.5,5.769977,6.458071,12.52924,566,.33472,.0047991,13.05982,1242.705,0,0
