1,16,-10,-0.20372,-0.021519
1,16,-10,-0.20372,-0.021519
2,16,-10,-0.23489,-0.021519
2,16,-10,-0.23489,-0.021519
3,-21,16,1.6938,-0.0048525
3,-21,16,1.6938,-0.0048525
3,-21,16,1.6938,-0.0048525
4,-21,21,-0.28543,-0.0053354
4,-21,21,-0.28543,-0.0053354
5,-20,24,1.4001,-0.1644
5,-20,24,1.4001,-0.1644
6,-6,7,-0.030575,-0.013223
6,-6,7,-0.030575,-0.013223
7,7,10,-0.53538,0.051934
7,7,10,-0.53538,0.051934
8,-21,16,1.0148,-0.015964
8,-21,16,1.0148,-0.015964
9,20,-16,-1.3138,-0.042326
9,20,-16,-1.3138,-0.042326
10,-17,23,6.0943,0.23918
10,-17,23,6.0943,0.23918
11,19,-15,-0.76387,-0.034644
11,19,-15,-0.76387,-0.034644
12,-10,-2,0.31899,-0.0048525
12,-10,-2,0.31899,-0.0048525
13,22,-3,-0.71722,-0.016519
13,22,-3,-0.71722,-0.016519
14,-10,-2,-0.34872,-0.038186
14,-10,-2,-0.34872,-0.038186
15,22,-3,-0.71722,-0.016519
15,22,-3,-0.71722,-0.016519
16,16,3,0.73181,-0.010593
16,16,3,0.73181,-0.010593
16,16,4,0.22791,-0.014183
16,16,4,0.22791,-0.014183
17,-12,12,0.037015,0.083314
17,-12,12,0.037015,0.083314
18,-20,23,0.59791,0.0551
18,-20,23,0.59791,0.0551
19,-12,4,0.12236,-0.02704
19,-12,4,0.12236,-0.02704
20,9,11,-0.28187,0.011896
20,9,11,-0.28187,0.011896
21,-14,15,0.056506,0.14181
21,-14,15,0.056506,0.14181
21,-14,15,0.056506,0.14181
22,-14,15,0.056506,0.14181
22,-14,15,0.056506,0.14181
22,-14,15,0.056506,0.14181
22,-14,16,-0.11933,0.23035
22,-14,16,-0.11933,0.23035
22,-14,16,-0.11933,0.23035
23,18,3,0.22879,0.00040177
23,18,3,0.22879,0.00040177
24,20,10,-2.5945,-0.18733
24,20,10,-2.5945,-0.18733
24,20,11,-3.0354,-0.21268
24,20,11,-3.0354,-0.21268
25,-21,21,-0.036714,0.080283
25,-21,21,-0.036714,0.080283
26,20,-2,-1.1277,-0.053186
26,20,-2,-1.1277,-0.053186
27,-13,10,0.32994,0.0018109
27,-13,10,0.32994,0.0018109
28,-10,-3,-0.042566,-0.015262
28,-10,-3,-0.042566,-0.015262
28,-10,-2,-0.10885,-0.018625
28,-10,-2,-0.10885,-0.018625
28,-9,-3,0.023979,-0.01022
28,-9,-3,0.023979,-0.01022
28,-9,-2,-0.050985,-0.014111
28,-9,-2,-0.050985,-0.014111
29,15,-12,0.81938,0.01104
29,15,-12,0.81938,0.01104
30,-17,10,-0.042103,-0.4132
30,-17,10,-0.042103,-0.4132
31,-20,17,0.79201,0.068283
31,-20,17,0.79201,0.068283
31,-20,30,11.812,-0.28521
31,-20,30,11.812,-0.28521
31,-19,17,0.62022,0.098313
31,-19,17,0.62022,0.098313
31,-19,30,12.306,-0.32791
31,-19,30,12.306,-0.32791
32,21,-14,2.5094,0.25607
32,21,-14,2.5094,0.25607
32,22,-14,4.8365,0.41996
32,22,-14,4.8365,0.41996
33,16,-12,0.91098,0.024448
33,16,-12,0.91098,0.024448
34,-12,8,0.0097778,-0.053893
34,-12,8,0.0097778,-0.053893
35,15,-13,-0.43033,-0.0077967
35,15,-13,-0.43033,-0.0077967
36,-12,9,0.47928,-0.028566
36,-12,9,0.47928,-0.028566
37,14,-13,0.72476,0.028312
37,14,-13,0.72476,0.028312
38,-13,12,0.0091393,0.015713
38,-13,12,0.0091393,0.015713
38,-13,12,0.0091393,0.015713
38,-13,12,0.0091393,0.015713
39,-20,16,0.71693,0.0029846
39,-20,16,0.71693,0.0029846
40,-20,16,0.71693,0.0029846
40,-20,16,0.71693,0.0029846
41,-9,2,0.088548,-0.012263
41,-9,2,0.088548,-0.012263
42,15,-12,-0.15216,0.0079416
42,15,-12,-0.15216,0.0079416
42,15,-11,-0.091819,0.0042308
42,15,-11,-0.091819,0.0042308
42,16,-12,-0.25643,0.012373
42,16,-12,-0.25643,0.012373
42,16,-11,-0.18691,0.011731
42,16,-11,-0.18691,0.011731
43,-15,-9,1.8427,-0.068618
43,-15,-9,1.8427,-0.068618
44,-18,23,0.58737,-0.044512
44,-18,23,0.58737,-0.044512
45,-10,9,-0.0026718,-0.038989
45,-10,9,-0.0026718,-0.038989
45,-10,9,-0.0026718,-0.038989
45,-10,9,-0.0026718,-0.038989
46,-14,-15,-0.52077,-0.011946
46,-14,-15,-0.52077,-0.011946
47,-14,-15,-0.59198,-0.011946
47,-14,-15,-0.59198,-0.011946
48,-13,11,0.49802,0.013815
48,-13,11,0.49802,0.013815
48,-12,11,0.6239,0.025741
48,-12,11,0.6239,0.025741
49,6,4,0.79101,0.036027
49,6,4,0.79101,0.036027
50,-18,15,-0.012698,0.019853
50,-18,15,-0.012698,0.019853
50,-18,16,-0.030264,0.028716
50,-18,16,-0.030264,0.028716
51,-6,3,-0.35684,-0.067726
51,-6,3,-0.35684,-0.067726
52,-5,-1,0.32738,-0.018667
52,-5,-1,0.32738,-0.018667
52,-5,-1,0.32738,-0.018667
53,-5,-1,0.32866,-0.025586
53,-5,-1,0.32866,-0.025586
54,-15,-16,-1.0867,-0.052332
54,-15,-16,-1.0867,-0.052332
55,10,12,-1.7291,0.003326
55,10,12,-1.7291,0.003326
56,15,4,-0.2019,0.0026264
56,15,4,-0.2019,0.0026264
57,15,4,-0.23911,0.0026264
57,15,4,-0.23911,0.0026264
58,15,4,-0.24405,-0.0026853
58,15,4,-0.24405,-0.0026853
58,16,4,-0.28362,-0.0048504
58,16,4,-0.28362,-0.0048504
59,-8,9,1.1252,0.097393
59,-8,9,1.1252,0.097393
60,-9,1,-0.25381,0.0050938
60,-9,1,-0.25381,0.0050938
60,-9,13,-4.2853,-0.45531
60,-9,13,-4.2853,-0.45531
61,-20,17,0.74785,0.0090369
61,-20,17,0.74785,0.0090369
62,-20,12,0.75937,0.018912
62,-20,12,0.75937,0.018912
63,-18,13,0.085451,-0.027932
63,-18,13,0.085451,-0.027932
64,-6,-2,0.34505,0.0066567
64,-6,-2,0.34505,0.0066567
64,-6,-1,0.15294,-0.010885
64,-6,-1,0.15294,-0.010885
64,-6,12,-2.7343,-0.3694
64,-6,12,-2.7343,-0.3694
65,-11,15,-0.91227,-0.066014
65,-11,15,-0.91227,-0.066014
66,-18,11,0.060456,-0.015175
66,-18,11,0.060456,-0.015175
67,-1,-12,0.76322,0.31447
67,-1,-12,0.76322,0.31447
68,-5,-2,0.59942,-0.0048077
68,-5,-2,0.59942,-0.0048077
69,21,-16,-0.80057,0.015885
69,21,-16,-0.80057,0.015885
70,-13,12,0.088392,0.0085662
70,-13,12,0.088392,0.0085662
71,-13,-4,0.14155,-0.014063
71,-13,-4,0.14155,-0.014063
72,-13,-4,0.1473,-0.014063
72,-13,-4,0.1473,-0.014063
73,-15,-9,0.31851,-0.016708
73,-15,-9,0.31851,-0.016708
74,-13,-3,0.42215,-0.020352
74,-13,-3,0.42215,-0.020352
74,-13,-3,0.42215,-0.020352
75,-12,8,0.37278,0.032508
75,-12,8,0.37278,0.032508
76,-12,12,0.22813,0.005081
76,-12,12,0.22813,0.005081
76,-12,12,0.22813,0.005081
77,-12,12,0.20683,0.0036447
77,-12,12,0.20683,0.0036447
77,-12,12,0.20683,0.0036447
78,21,-16,-1.074,-0.026797
78,21,-16,-1.074,-0.026797
78,21,-16,-1.074,-0.026797
79,22,-3,-0.69019,-0.017354
79,22,-3,-0.69019,-0.017354
80,-15,-5,-0.096871,-0.040324
80,-15,-5,-0.096871,-0.040324
81,-16,10,0.0018665,-0.019582
81,-16,10,0.0018665,-0.019582
82,-20,11,-0.3573,-0.021557
82,-20,11,-0.3573,-0.021557
82,-20,12,-0.065176,-0.025143
82,-20,12,-0.065176,-0.025143
82,-19,11,-0.1759,-0.020713
82,-19,11,-0.1759,-0.020713
82,-19,12,-0.06585,-0.02954
82,-19,12,-0.06585,-0.02954
83,-18,23,0.21682,-0.014332
83,-18,23,0.21682,-0.014332
84,-16,15,-0.10135,0.037674
84,-16,15,-0.10135,0.037674
85,-13,10,0.20833,-0.012735
85,-13,10,0.20833,-0.012735
86,-9,7,0.82858,0.080674
86,-9,7,0.82858,0.080674
86,-9,7,0.82858,0.080674
87,-14,17,-0.013249,0.14955
87,-14,17,-0.013249,0.14955
88,16,-11,0.16345,0.00032491
88,16,-11,0.16345,0.00032491
89,-4,-2,0.79165,0.013038
89,-4,-2,0.79165,0.013038
89,-4,-2,0.79165,0.013038
89,-4,-2,0.79165,0.013038
89,-4,-2,0.79165,0.013038
90,-4,10,1.1375,0.043405
90,-4,10,1.1375,0.043405
90,-4,11,1.5781,0.077558
90,-4,11,1.5781,0.077558
91,-9,-10,-0.21056,-0.014775
91,-9,-10,-0.21056,-0.014775
91,-9,-10,-0.21056,-0.014775
91,-9,-10,-0.21056,-0.014775
92,18,13,-0.84749,-0.051189
92,18,13,-0.84749,-0.051189
93,17,13,-1.2606,-0.046855
93,17,13,-1.2606,-0.046855
93,18,13,-1.1848,-0.048349
93,18,13,-1.1848,-0.048349
94,14,10,-0.88844,-0.016304
94,14,10,-0.88844,-0.016304
95,14,10,-0.82212,-0.018778
95,14,10,-0.82212,-0.018778
96,-5,-2,0.39679,0.013211
96,-5,-2,0.39679,0.013211
97,-14,12,0.29416,0.01688
97,-14,12,0.29416,0.01688
97,-14,12,0.29416,0.01688
98,6,7,-0.44982,0.0010018
98,6,7,-0.44982,0.0010018
99,-3,6,0.17994,0.012582
99,-3,6,0.17994,0.012582
99,-3,6,0.17994,0.012582
99,-3,6,0.17994,0.012582
100,-6,3,-0.22343,-0.035775
100,-6,3,-0.22343,-0.035775
100,-6,3,-0.22343,-0.035775
100,-6,3,-0.22343,-0.035775
101,-11,9,0.71081,0.056872
101,-11,9,0.71081,0.056872
102,-13,-3,0.24344,-0.024486
102,-13,-3,0.24344,-0.024486
103,-17,15,0.19478,0.0199
103,-17,15,0.19478,0.0199
104,-18,15,0.19652,0.0049979
104,-18,15,0.19652,0.0049979
105,-19,12,0.17562,-0.025109
105,-19,12,0.17562,-0.025109
106,-16,18,-0.046744,0.022783
106,-16,18,-0.046744,0.022783
107,-17,19,0.27081,0.018813
107,-17,19,0.27081,0.018813
108,19,-14,-0.27136,0.0087403
108,19,-14,-0.27136,0.0087403
109,-13,10,0.10967,-0.01078
109,-13,10,0.10967,-0.01078
109,-13,10,0.10967,-0.01078
110,-12,10,0.38975,0.023624
110,-12,10,0.38975,0.023624
111,-16,13,0.23905,0.00073305
111,-16,13,0.23905,0.00073305
112,14,-8,0.4146,-0.0040048
112,14,-8,0.4146,-0.0040048
113,-7,6,0.0036275,-0.0052946
113,-7,6,0.0036275,-0.0052946
113,-7,6,0.0036275,-0.0052946
114,-8,6,-0.0018901,-0.0032075
114,-8,6,-0.0018901,-0.0032075
115,-8,6,-0.22351,-0.0054185
115,-8,6,-0.22351,-0.0054185
115,-8,6,-0.22351,-0.0054185
116,-8,7,0.18885,0.015806
116,-8,7,0.18885,0.015806
116,-8,7,0.18885,0.015806
117,-17,15,0.21051,0.025731
117,-17,15,0.21051,0.025731
118,-19,16,0.44569,-0.0011638
118,-19,16,0.44569,-0.0011638
119,-16,18,0.14587,0.041627
119,-16,18,0.14587,0.041627
119,-16,18,0.14587,0.041627
119,-16,19,0.13043,0.034734
119,-16,19,0.13043,0.034734
119,-16,19,0.13043,0.034734
120,-14,13,0.37033,0.0399
120,-14,13,0.37033,0.0399
120,-13,13,0.29154,0.029953
120,-13,13,0.29154,0.029953
121,-16,13,0.2917,0.0014823
121,-16,13,0.2917,0.0014823
122,-16,18,0.40746,0.031606
122,-16,18,0.40746,0.031606
123,-21,26,0.63394,0.022752
123,-21,26,0.63394,0.022752
123,-21,26,0.63394,0.022752
124,18,-14,-0.26893,0.006022
124,18,-14,-0.26893,0.006022
124,18,-13,-0.21492,0.00019855
124,18,-13,-0.21492,0.00019855
125,-6,7,0.072521,-0.0022915
125,-6,7,0.072521,-0.0022915
126,-2,6,0.14446,-0.0046202
126,-2,6,0.14446,-0.0046202
127,5,6,-0.8449,-0.024385
127,5,6,-0.8449,-0.024385
127,5,6,-0.8449,-0.024385
128,14,-12,0.039939,-0.0078989
128,14,-12,0.039939,-0.0078989
128,14,-11,0.10739,-0.010355
128,14,-11,0.10739,-0.010355
129,23,-5,-0.7965,-0.029434
129,23,-5,-0.7965,-0.029434
129,23,-5,-0.7965,-0.029434
129,23,-5,-0.7965,-0.029434
130,-15,-6,0.15496,-0.016377
130,-15,-6,0.15496,-0.016377
131,-14,-8,-0.18893,-0.016172
131,-14,-8,-0.18893,-0.016172
132,-22,33,-0.93691,-0.016428
132,-22,33,-0.93691,-0.016428
133,-3,-12,-0.33503,-0.047013
133,-3,-12,-0.33503,-0.047013
134,-13,9,0.44492,0.010573
134,-13,9,0.44492,0.010573
134,-13,21,-0.60769,0.015502
134,-13,21,-0.60769,0.015502
135,-19,18,0.6217,0.0089386
135,-19,18,0.6217,0.0089386
136,-15,12,0.11846,-0.00085531
136,-15,12,0.11846,-0.00085531
137,-15,-8,-0.18406,-0.011712
137,-15,-8,-0.18406,-0.011712
138,-9,12,-0.12539,0.0046157
138,-9,12,-0.12539,0.0046157
138,-9,12,-0.12539,0.0046157
139,-9,12,0.10823,0.011484
139,-9,12,0.10823,0.011484
139,-9,13,0.044499,-0.011608
139,-9,13,0.044499,-0.011608
139,-8,12,0.26561,0.019958
139,-8,12,0.26561,0.019958
139,-8,13,0.34604,0.0144
139,-8,13,0.34604,0.0144
140,-9,12,-0.32726,0.0053996
140,-9,12,-0.32726,0.0053996
140,-9,12,-0.32726,0.0053996
140,-9,13,-0.43905,-0.016293
140,-9,13,-0.43905,-0.016293
140,-9,13,-0.43905,-0.016293
141,-15,8,0.12694,-0.019008
141,-15,8,0.12694,-0.019008
142,-15,9,0.33035,-0.025233
142,-15,9,0.33035,-0.025233
143,20,-14,-0.54739,-0.00053391
143,20,-14,-0.54739,-0.00053391
144,-15,4,0.41179,-0.045155
144,-15,4,0.41179,-0.045155
145,-1,-5,-0.10145,-0.042107
145,-1,-5,-0.10145,-0.042107
146,-1,-5,-0.11024,-0.048539
146,-1,-5,-0.11024,-0.048539
146,-1,-4,-0.12215,-0.039922
146,-1,-4,-0.12215,-0.039922
147,-4,9,0.76441,0.012792
147,-4,9,0.76441,0.012792
148,-4,9,0.76143,0.012602
148,-4,9,0.76143,0.012602
149,-4,9,0.74885,0.012416
149,-4,9,0.74885,0.012416
149,-4,9,0.74885,0.012416
150,-4,9,0.8401,0.010991
150,-4,9,0.8401,0.010991
150,-4,9,0.8401,0.010991
151,-4,9,0.80892,0.015877
151,-4,9,0.80892,0.015877
152,-4,9,0.8333,0.017401
152,-4,9,0.8333,0.017401
153,-4,9,0.91122,0.024086
153,-4,9,0.91122,0.024086
153,-4,10,1.4105,0.068348
153,-4,10,1.4105,0.068348
154,-3,-3,0.17634,-0.00028466
154,-3,-3,0.17634,-0.00028466
155,-3,-3,0.17634,-0.00028466
155,-3,-3,0.17634,-0.00028466
156,-3,-3,0.19866,-0.0049682
156,-3,-3,0.19866,-0.0049682
156,-3,-3,0.19866,-0.0049682
157,-3,-3,0.18885,6.4184e-05
157,-3,-3,0.18885,6.4184e-05
158,-3,-3,0.17756,6.4184e-05
158,-3,-3,0.17756,6.4184e-05
159,-15,12,0.33716,-0.0021818
159,-15,12,0.33716,-0.0021818
160,-6,2,0.011128,0.083098
160,-6,2,0.011128,0.083098
160,-6,2,0.011128,0.083098
160,-6,3,-0.085815,0.087567
160,-6,3,-0.085815,0.087567
160,-6,3,-0.085815,0.087567
161,-6,2,0.058905,0.081047
161,-6,2,0.058905,0.081047
161,-6,2,0.058905,0.081047
161,-6,3,-0.033373,0.085315
161,-6,3,-0.033373,0.085315
161,-6,3,-0.033373,0.085315
162,-7,2,-0.057472,0.10876
162,-7,2,-0.057472,0.10876
163,-12,16,-0.17551,0.081085
163,-12,16,-0.17551,0.081085
163,-12,17,-0.24553,0.083857
163,-12,17,-0.24553,0.083857
164,-18,22,0.37166,0.0043328
164,-18,22,0.37166,0.0043328
164,-18,23,0.33683,0.0014275
164,-18,23,0.33683,0.0014275
165,-19,18,0.67479,0.0026696
165,-19,18,0.67479,0.0026696
166,-18,24,0.37098,-0.0041933
166,-18,24,0.37098,-0.0041933
167,23,-5,-0.36288,-0.019911
167,23,-5,-0.36288,-0.019911
168,18,-4,-0.069276,-0.0058995
168,18,-4,-0.069276,-0.0058995
168,18,-4,-0.069276,-0.0058995
168,18,-4,-0.069276,-0.0058995
168,18,-4,-0.069276,-0.0058995
169,-10,-2,0.15979,-0.0080362
169,-10,-2,0.15979,-0.0080362
169,-9,-2,0.24426,0.0020602
169,-9,-2,0.24426,0.0020602
170,-14,20,0.24714,0.012529
170,-14,20,0.24714,0.012529
171,-14,20,0.13833,0.0050784
171,-14,20,0.13833,0.0050784
172,-3,-3,0.39685,0.0041693
172,-3,-3,0.39685,0.0041693
172,-3,-3,0.39685,0.0041693
173,-6,2,0.0014697,0.12666
173,-6,2,0.0014697,0.12666
173,-6,3,-0.091298,0.13438
173,-6,3,-0.091298,0.13438
174,-9,-8,-0.16894,-0.037624
174,-9,-8,-0.16894,-0.037624
174,-9,-7,-0.026422,-0.035952
174,-9,-7,-0.026422,-0.035952
175,-14,-5,-0.030983,-0.023146
175,-14,-5,-0.030983,-0.023146
176,-18,23,0.54453,0.0086443
176,-18,23,0.54453,0.0086443
176,-18,23,0.54453,0.0086443
177,-15,3,0.31136,-0.021466
177,-15,3,0.31136,-0.021466
177,-15,3,0.31136,-0.021466
178,-12,6,0.15406,0.002255
178,-12,6,0.15406,0.002255
178,-12,7,0.25638,0.013739
178,-12,7,0.25638,0.013739
179,-15,12,0.27925,-0.0031788
179,-15,12,0.27925,-0.0031788
180,-2,-5,0.10128,-0.025921
180,-2,-5,0.10128,-0.025921
180,-2,-5,0.10128,-0.025921
181,-2,-4,0.091754,-0.017871
181,-2,-4,0.091754,-0.017871
181,-2,-4,0.091754,-0.017871
182,-4,9,0.99206,0.026167
182,-4,9,0.99206,0.026167
183,-5,2,-0.061491,0.11418
183,-5,2,-0.061491,0.11418
184,20,-16,-0.70533,0.0022264
184,20,-16,-0.70533,0.0022264
185,-12,10,0.34363,0.017596
185,-12,10,0.34363,0.017596
186,-13,9,0.31835,0.0069997
186,-13,9,0.31835,0.0069997
187,-20,18,0.63777,0.0088774
187,-20,18,0.63777,0.0088774
188,21,-2,-0.28563,-0.023181
188,21,-2,-0.28563,-0.023181
188,21,-2,-0.28563,-0.023181
188,21,-2,-0.28563,-0.023181
189,-14,-5,0.035693,-0.017829
189,-14,-5,0.035693,-0.017829
189,-14,-4,0.11825,-0.018054
189,-14,-4,0.11825,-0.018054
189,-13,-5,0.030627,-0.019223
189,-13,-5,0.030627,-0.019223
189,-13,-4,0.095508,-0.019271
189,-13,-4,0.095508,-0.019271
190,-23,21,1.0739,0.03584
190,-23,21,1.0739,0.03584
191,-23,32,0.33369,0.012521
191,-23,32,0.33369,0.012521
191,-23,32,0.33369,0.012521
191,-22,32,0.28092,0.0074283
191,-22,32,0.28092,0.0074283
191,-22,32,0.28092,0.0074283
192,15,3,-0.24697,-0.0078993
192,15,3,-0.24697,-0.0078993
193,-14,-9,-0.33019,-0.023883
193,-14,-9,-0.33019,-0.023883
194,22,-3,-0.4105,-0.02203
194,22,-3,-0.4105,-0.02203
195,5,5,-1.2214,-0.047959
195,5,5,-1.2214,-0.047959
196,-19,16,0.3703,-0.00048394
196,-19,16,0.3703,-0.00048394
197,-20,11,-0.09639,-0.0062016
197,-20,11,-0.09639,-0.0062016
197,-20,12,0.11627,-0.0034033
197,-20,12,0.11627,-0.0034033
197,-19,11,-0.016992,-0.011363
197,-19,11,-0.016992,-0.011363
197,-19,12,0.075348,-0.010178
197,-19,12,0.075348,-0.010178
198,19,-16,-0.63154,0.0036531
198,19,-16,-0.63154,0.0036531
199,-17,-1,0.37888,0.020826
199,-17,-1,0.37888,0.020826
199,-17,-1,0.37888,0.020826
200,-20,28,0.39867,0.012883
200,-20,28,0.39867,0.012883
201,22,-15,-0.69322,-0.00055768
201,22,-15,-0.69322,-0.00055768
202,9,-12,0.002144,-0.009661
202,9,-12,0.002144,-0.009661
203,14,9,-0.78039,-0.015427
203,14,9,-0.78039,-0.015427
204,4,4,-1.1419,-0.043968
204,4,4,-1.1419,-0.043968
205,-5,7,0.43753,0.0051116
205,-5,7,0.43753,0.0051116
205,-5,7,0.43753,0.0051116
205,-4,7,0.4957,0.006031
205,-4,7,0.4957,0.006031
205,-4,7,0.4957,0.006031
206,-13,12,0.20845,0.0068588
206,-13,12,0.20845,0.0068588
207,-15,12,0.2827,-0.0031788
207,-15,12,0.2827,-0.0031788
208,14,4,-0.58797,-0.011506
208,14,4,-0.58797,-0.011506
208,14,4,-0.58797,-0.011506
209,-19,11,0.20881,-0.014992
209,-19,11,0.20881,-0.014992
209,-19,12,0.2199,-0.013705
209,-19,12,0.2199,-0.013705
210,-16,15,0.16452,0.036688
210,-16,15,0.16452,0.036688
211,5,6,-1.17,-0.03852
211,5,6,-1.17,-0.03852
211,6,6,-1.197,-0.036885
211,6,6,-1.197,-0.036885
212,-4,7,0.6319,0.0078458
212,-4,7,0.6319,0.0078458
213,-4,7,0.54882,0.0078458
213,-4,7,0.54882,0.0078458
214,-4,7,0.57501,0.0078458
214,-4,7,0.57501,0.0078458
215,-4,7,0.47287,0.0064332
215,-4,7,0.47287,0.0064332
215,-4,7,0.47287,0.0064332
215,-4,7,0.47287,0.0064332
216,-4,7,0.58345,0.00681
216,-4,7,0.58345,0.00681
216,-4,7,0.58345,0.00681
216,-4,7,0.58345,0.00681
217,-4,7,0.64426,0.0077082
217,-4,7,0.64426,0.0077082
217,-4,7,0.64426,0.0077082
218,-12,8,0.32877,0.018613
218,-12,8,0.32877,0.018613
219,-12,8,0.32687,0.018613
219,-12,8,0.32687,0.018613
220,-14,9,0.15187,-0.018735
220,-14,9,0.15187,-0.018735
221,-12,-12,-0.4879,-0.029445
221,-12,-12,-0.4879,-0.029445
222,13,10,-0.95232,-0.018687
222,13,10,-0.95232,-0.018687
223,-21,13,0.72501,-0.00081438
223,-21,13,0.72501,-0.00081438
223,-21,13,0.72501,-0.00081438
223,-21,14,0.83111,0.0031349
223,-21,14,0.83111,0.0031349
223,-21,14,0.83111,0.0031349
223,-20,13,0.4193,-0.0068388
223,-20,13,0.4193,-0.0068388
223,-20,13,0.4193,-0.0068388
223,-20,14,0.49695,-0.0017598
223,-20,14,0.49695,-0.0017598
223,-20,14,0.49695,-0.0017598
224,-18,23,0.4683,0.0069904
224,-18,23,0.4683,0.0069904
225,-18,23,0.47432,0.0069904
225,-18,23,0.47432,0.0069904
226,-21,27,0.48419,0.020063
226,-21,27,0.48419,0.020063
226,-21,27,0.48419,0.020063
226,-21,27,0.48419,0.020063
227,-21,27,0.49616,0.019462
227,-21,27,0.49616,0.019462
227,-21,27,0.49616,0.019462
227,-21,27,0.49616,0.019462
227,-21,27,0.49616,0.019462
227,-21,27,0.49616,0.019462
228,-23,32,0.92163,0.080773
228,-23,32,0.92163,0.080773
228,-23,32,0.92163,0.080773
229,-11,8,0.26006,0.026996
229,-11,8,0.26006,0.026996
230,-1,7,0.51165,0.0083487
230,-1,7,0.51165,0.0083487
230,-1,7,0.51165,0.0083487
231,-4,7,0.75274,0.012426
231,-4,7,0.75274,0.012426
231,-4,7,0.75274,0.012426
232,-15,12,0.31517,0.0042607
232,-15,12,0.31517,0.0042607
232,-15,12,0.31517,0.0042607
233,-14,18,0.026475,0.020272
233,-14,18,0.026475,0.020272
234,-18,23,0.53751,0.0089542
234,-18,23,0.53751,0.0089542
235,-20,27,0.36148,0.013252
235,-20,27,0.36148,0.013252
235,-20,27,0.36148,0.013252
235,-20,27,0.36148,0.013252
236,-13,-14,-0.73749,-0.021922
236,-13,-14,-0.73749,-0.021922
236,-13,-14,-0.73749,-0.021922
237,18,-15,-0.48788,-0.0076175
237,18,-15,-0.48788,-0.0076175
238,-13,-6,-0.025782,-0.011952
238,-13,-6,-0.025782,-0.011952
238,-13,-6,-0.025782,-0.011952
238,-13,-5,0.027282,-0.010324
238,-13,-5,0.027282,-0.010324
238,-13,-5,0.027282,-0.010324
239,-13,-5,0.047397,-0.0098417
239,-13,-5,0.047397,-0.0098417
240,-8,7,0.26845,0.016264
240,-8,7,0.26845,0.016264
241,-16,18,0.28267,0.014995
241,-16,18,0.28267,0.014995
241,-16,18,0.28267,0.014995
241,-15,18,0.13565,0.020934
241,-15,18,0.13565,0.020934
241,-15,18,0.13565,0.020934
242,-18,23,0.53992,0.0095901
242,-18,23,0.53992,0.0095901
243,-16,18,0.24321,0.014707
243,-16,18,0.24321,0.014707
243,-16,18,0.24321,0.014707
243,-15,18,0.097763,0.020657
243,-15,18,0.097763,0.020657
243,-15,18,0.097763,0.020657
244,15,-12,-0.45397,-0.021388
244,15,-12,-0.45397,-0.021388
245,14,-12,-0.46302,-0.022311
245,14,-12,-0.46302,-0.022311
246,16,-8,-0.2524,-0.017765
246,16,-8,-0.2524,-0.017765
246,16,-8,-0.2524,-0.017765
246,16,-8,-0.2524,-0.017765
247,9,8,-1.3001,-0.028409
247,9,8,-1.3001,-0.028409
248,-15,-5,0.076852,-0.0069607
248,-15,-5,0.076852,-0.0069607
249,-9,9,0.40544,0.043033
249,-9,9,0.40544,0.043033
250,-10,10,0.36928,0.039356
250,-10,10,0.36928,0.039356
250,-10,11,0.14933,0.018641
250,-10,11,0.14933,0.018641
251,-10,13,-0.16051,-0.0027341
251,-10,13,-0.16051,-0.0027341
252,-21,24,0.46502,0.010744
252,-21,24,0.46502,0.010744
252,-21,25,0.49534,0.013282
252,-21,25,0.49534,0.013282
252,-20,24,0.48691,0.0092993
252,-20,24,0.48691,0.0092993
252,-20,25,0.48891,0.010298
252,-20,25,0.48891,0.010298
253,-21,27,0.45233,0.016838
253,-21,27,0.45233,0.016838
253,-20,27,0.42681,0.011883
253,-20,27,0.42681,0.011883
254,-6,8,0.54462,0.010035
254,-6,8,0.54462,0.010035
255,5,6,-1.2087,-0.038222
255,5,6,-1.2087,-0.038222
255,5,6,-1.2087,-0.038222
256,23,-14,-0.47006,0.0013739
256,23,-14,-0.47006,0.0013739
256,23,-14,-0.47006,0.0013739
257,23,-14,-0.46708,0.0013739
257,23,-14,-0.46708,0.0013739
257,23,-14,-0.46708,0.0013739
258,23,-14,-0.4696,-0.0010834
258,23,-14,-0.4696,-0.0010834
258,23,-14,-0.4696,-0.0010834
259,-15,6,0.024074,-0.0095663
259,-15,6,0.024074,-0.0095663
260,-3,-4,0.24755,-0.0094853
260,-3,-4,0.24755,-0.0094853
261,-20,28,0.5402,0.014953
261,-20,28,0.5402,0.014953
261,-20,28,0.5402,0.014953
261,-20,28,0.5402,0.014953
262,-6,8,0.52968,0.010554
262,-6,8,0.52968,0.010554
262,-6,8,0.52968,0.010554
263,-15,-5,0.096441,-0.0066369
263,-15,-5,0.096441,-0.0066369
264,-10,13,-0.21115,-0.0043414
264,-10,13,-0.21115,-0.0043414
264,-10,13,-0.21115,-0.0043414
265,-12,11,0.34782,0.012853
265,-12,11,0.34782,0.012853
265,-12,11,0.34782,0.012853
266,-13,12,0.28565,0.011924
266,-13,12,0.28565,0.011924
266,-13,12,0.28565,0.011924
267,19,-14,-0.42762,-0.0096144
267,19,-14,-0.42762,-0.0096144
268,17,6,-0.46469,-0.017284
268,17,6,-0.46469,-0.017284
268,17,7,-0.49121,-0.018283
268,17,7,-0.49121,-0.018283
269,6,-3,-0.6944,-0.017248
269,6,-3,-0.6944,-0.017248
270,6,-3,-0.7765,-0.018367
270,6,-3,-0.7765,-0.018367
271,6,-3,-0.6944,-0.017248
271,6,-3,-0.6944,-0.017248
272,6,-3,-0.8187,-0.026659
272,6,-3,-0.8187,-0.026659
272,6,-3,-0.8187,-0.026659
273,-9,13,-0.20005,-0.0059004
273,-9,13,-0.20005,-0.0059004
274,-12,9,0.35014,0.01827
274,-12,9,0.35014,0.01827
275,-3,1,0.086421,0.07745
275,-3,1,0.086421,0.07745
276,-15,22,0.2739,0.0078944
276,-15,22,0.2739,0.0078944
276,-15,22,0.2739,0.0078944
276,-15,22,0.2739,0.0078944
276,-15,22,0.2739,0.0078944
276,-15,22,0.2739,0.0078944
277,6,7,-1.2522,-0.032461
277,6,7,-1.2522,-0.032461
278,4,6,-1.1498,-0.038192
278,4,6,-1.1498,-0.038192
278,4,6,-1.1498,-0.038192
279,3,8,-0.68969,-0.022156
279,3,8,-0.68969,-0.022156
280,-18,15,0.21072,0.0073753
280,-18,15,0.21072,0.0073753
280,-18,16,0.31511,0.005131
280,-18,16,0.31511,0.005131
281,-14,17,-0.035248,0.028224
281,-14,17,-0.035248,0.028224
282,-14,17,-0.012046,0.028224
282,-14,17,-0.012046,0.028224
283,-15,6,0.38751,-0.0037813
283,-15,6,0.38751,-0.0037813
284,-15,12,0.35405,0.0034072
284,-15,12,0.35405,0.0034072
285,-13,-4,0.085481,-0.0096355
285,-13,-4,0.085481,-0.0096355
286,-13,-4,0.090134,-0.0095091
286,-13,-4,0.090134,-0.0095091
287,-17,19,0.46313,0.0041185
287,-17,19,0.46313,0.0041185
288,6,-2,-0.6992,-0.014045
288,6,-2,-0.6992,-0.014045
288,6,-2,-0.6992,-0.014045
289,6,-2,-0.70038,-0.015247
289,6,-2,-0.70038,-0.015247
290,5,-3,-0.75621,-0.025376
290,5,-3,-0.75621,-0.025376
291,5,-2,-0.97615,-0.026056
291,5,-2,-0.97615,-0.026056
292,-9,-13,-0.54398,-0.028624
292,-9,-13,-0.54398,-0.028624
292,-9,-13,-0.54398,-0.028624
293,-10,-13,-0.58372,-0.028064
293,-10,-13,-0.58372,-0.028064
294,-6,1,0.18439,0.083504
294,-6,1,0.18439,0.083504
294,-6,2,0.14834,0.088196
294,-6,2,0.14834,0.088196
295,-6,2,0.20145,0.093852
295,-6,2,0.20145,0.093852
296,-19,12,0.18261,-0.0080568
296,-19,12,0.18261,-0.0080568
297,-19,15,0.36342,0.0049969
297,-19,15,0.36342,0.0049969
298,-21,16,0.51257,0.0094407
298,-21,16,0.51257,0.0094407
299,-12,16,-0.26919,0.028379
299,-12,16,-0.26919,0.028379
300,-23,20,0.33241,-0.012117
300,-23,20,0.33241,-0.012117
301,-21,26,0.46338,0.016359
301,-21,26,0.46338,0.016359
302,-19,18,0.65895,0.009126
302,-19,18,0.65895,0.009126
302,-19,18,0.65895,0.009126
302,-19,18,0.65895,0.009126
303,2,7,-0.48538,-0.022909
303,2,7,-0.48538,-0.022909
304,-15,-6,0.013769,-0.010992
304,-15,-6,0.013769,-0.010992
305,-15,10,0.29496,-0.015467
305,-15,10,0.29496,-0.015467
306,-18,22,0.46352,0.0071561
306,-18,22,0.46352,0.0071561
306,-18,23,0.46346,0.0073984
306,-18,23,0.46346,0.0073984
307,-9,1,0.058307,0.058312
307,-9,1,0.058307,0.058312
308,-12,5,-0.13221,-0.013701
308,-12,5,-0.13221,-0.013701
309,18,-15,-0.4724,-0.0091569
309,18,-15,-0.4724,-0.0091569
310,-19,12,0.16047,-0.010492
310,-19,12,0.16047,-0.010492
310,-19,12,0.16047,-0.010492
311,-10,-13,-0.58552,-0.022842
311,-10,-13,-0.58552,-0.022842
312,11,-10,-0.36084,-0.023485
312,11,-10,-0.36084,-0.023485
313,-12,-4,0.094174,-0.0085033
313,-12,-4,0.094174,-0.0085033
314,-10,-3,0.1455,-0.0012519
314,-10,-3,0.1455,-0.0012519
314,-10,-3,0.1455,-0.0012519
314,-10,-2,0.13568,0.0048888
314,-10,-2,0.13568,0.0048888
314,-10,-2,0.13568,0.0048888
315,-5,4,0.26767,0.073473
315,-5,4,0.26767,0.073473
316,-18,6,-0.069953,-0.020927
316,-18,6,-0.069953,-0.020927
316,-18,7,-0.014377,-0.023357
316,-18,7,-0.014377,-0.023357
317,-15,13,0.254,0.017965
317,-15,13,0.254,0.017965
318,-21,13,0.3503,-0.0020568
318,-21,13,0.3503,-0.0020568
318,-21,13,0.3503,-0.0020568
319,-19,16,0.40805,0.0059615
319,-19,16,0.40805,0.0059615
319,-19,17,0.50821,0.0083686
319,-19,17,0.50821,0.0083686
320,2,7,-0.47948,-0.023559
320,2,7,-0.47948,-0.023559
321,-12,9,0.35798,0.01961
321,-12,9,0.35798,0.01961
322,-6,1,0.29235,0.083
322,-6,1,0.29235,0.083
323,-13,-3,0.18526,-0.0036184
323,-13,-3,0.18526,-0.0036184
323,-13,-3,0.18526,-0.0036184
324,-17,13,0.26285,-0.0018832
324,-17,13,0.26285,-0.0018832
325,-18,9,0.28233,-0.0084266
325,-18,9,0.28233,-0.0084266
326,-14,12,0.3258,0.0085095
326,-14,12,0.3258,0.0085095
327,7,7,-1.2778,-0.031245
327,7,7,-1.2778,-0.031245
328,-14,14,0.10871,0.034965
328,-14,14,0.10871,0.034965
329,21,-14,-0.39262,-0.0042085
329,21,-14,-0.39262,-0.0042085
330,16,-11,-0.39451,-0.020883
330,16,-11,-0.39451,-0.020883
331,21,12,-0.56508,-0.051032
331,21,12,-0.56508,-0.051032
331,21,12,-0.56508,-0.051032
332,-16,7,0.098766,-0.010733
332,-16,7,0.098766,-0.010733
333,5,6,-1.0872,-0.032143
333,5,6,-1.0872,-0.032143
334,-16,4,-0.078942,-0.014048
334,-16,4,-0.078942,-0.014048
335,-18,7,0.2369,-0.0053844
335,-18,7,0.2369,-0.0053844
335,-18,7,0.2369,-0.0053844
335,-18,7,0.2369,-0.0053844
335,-18,7,0.2369,-0.0053844
336,-10,-4,0.15066,-0.0045359
336,-10,-4,0.15066,-0.0045359
336,-10,-4,0.15066,-0.0045359
336,-10,-4,0.15066,-0.0045359
336,-10,-4,0.15066,-0.0045359
336,-10,-4,0.15066,-0.0045359
336,-10,-4,0.15066,-0.0045359
337,15,-11,-0.4139,-0.021549
337,15,-11,-0.4139,-0.021549
338,7,-6,-0.86872,-0.027707
338,7,-6,-0.86872,-0.027707
339,7,-6,-0.86571,-0.027722
339,7,-6,-0.86571,-0.027722
339,7,-6,-0.86571,-0.027722
340,7,-5,-0.78,-0.02569
340,7,-5,-0.78,-0.02569
340,7,-5,-0.78,-0.02569
341,21,12,-1.405,-0.074131
341,21,12,-1.405,-0.074131
342,17,-12,-0.40053,-0.01762
342,17,-12,-0.40053,-0.01762
343,17,-12,-0.38183,-0.01762
343,17,-12,-0.38183,-0.01762
344,-10,8,0.45089,0.035352
344,-10,8,0.45089,0.035352
345,-21,17,0.53734,0.0089737
345,-21,17,0.53734,0.0089737
345,-21,18,0.60657,0.011191
345,-21,18,0.60657,0.011191
346,-2,6,0.36953,0.0094151
346,-2,6,0.36953,0.0094151
347,-19,18,0.63703,0.0096101
347,-19,18,0.63703,0.0096101
348,-22,19,0.64339,9.69e-05
348,-22,19,0.64339,9.69e-05
348,-21,19,0.68854,0.009445
348,-21,19,0.68854,0.009445
349,-22,19,0.62304,0.0036118
349,-22,19,0.62304,0.0036118
349,-22,20,0.54183,0.0035299
349,-22,20,0.54183,0.0035299
349,-21,19,0.67431,0.012266
349,-21,19,0.67431,0.012266
349,-21,20,0.59787,0.01046
349,-21,20,0.59787,0.01046
350,-11,-5,0.15468,-0.0039147
350,-11,-5,0.15468,-0.0039147
351,19,-16,-0.47362,-0.0044286
351,19,-16,-0.47362,-0.0044286
352,-2,-1,0.28936,0.025316
352,-2,-1,0.28936,0.025316
353,-1,-4,0.16287,-0.013308
353,-1,-4,0.16287,-0.013308
354,-18,26,0.52407,0.0058136
354,-18,26,0.52407,0.0058136
354,-18,27,0.52906,0.0054226
354,-18,27,0.52906,0.0054226
355,-15,16,0.020738,0.027261
355,-15,16,0.020738,0.027261
356,7,7,-0.94684,-0.03049
356,7,7,-0.94684,-0.03049
357,-16,13,0.25876,0.011953
357,-16,13,0.25876,0.011953
358,20,-14,-0.40433,-0.0063985
358,20,-14,-0.40433,-0.0063985
359,2,8,-0.4411,-0.015057
359,2,8,-0.4411,-0.015057
359,3,8,-0.68634,-0.020769
359,3,8,-0.68634,-0.020769
360,-9,10,0.2895,0.032373
360,-9,10,0.2895,0.032373
361,7,6,-0.87769,-0.029498
361,7,6,-0.87769,-0.029498
362,19,-14,-0.42746,-0.0075756
362,19,-14,-0.42746,-0.0075756
363,-19,25,0.47187,0.0064178
363,-19,25,0.47187,0.0064178
364,-20,29,0.56086,0.018246
364,-20,29,0.56086,0.018246
365,7,7,-0.93866,-0.028417
365,7,7,-0.93866,-0.028417
366,-16,22,0.42595,0.0064888
366,-16,22,0.42595,0.0064888
367,-16,22,0.42838,0.0064888
367,-16,22,0.42838,0.0064888
368,3,8,-0.59413,-0.024227
368,3,8,-0.59413,-0.024227
368,3,8,-0.59413,-0.024227
369,20,3,-0.55022,-0.031498
369,20,3,-0.55022,-0.031498
370,22,-14,-0.3908,-0.0028826
370,22,-14,-0.3908,-0.0028826
371,-14,-5,0.10112,-0.0066169
371,-14,-5,0.10112,-0.0066169
372,-12,-4,0.19901,-0.0010939
372,-12,-4,0.19901,-0.0010939
372,-11,-4,0.24448,0.001315
372,-11,-4,0.24448,0.001315
373,-16,4,0.16106,0.0008205
373,-16,4,0.16106,0.0008205
374,-16,3,0.12242,0.00039958
374,-16,3,0.12242,0.00039958
374,-16,4,0.066896,-0.0023261
374,-16,4,0.066896,-0.0023261
375,16,-7,-0.20169,-0.025482
375,16,-7,-0.20169,-0.025482
375,16,-7,-0.20169,-0.025482
375,16,-7,-0.20169,-0.025482
376,-14,6,-0.071937,-0.007919
376,-14,6,-0.071937,-0.007919
377,-10,10,0.26875,0.02048
377,-10,10,0.26875,0.02048
378,-19,12,0.22453,-0.0058783
378,-19,12,0.22453,-0.0058783
379,-16,16,0.044995,0.023379
379,-16,16,0.044995,0.023379
379,-16,16,0.044995,0.023379
379,-16,16,0.044995,0.023379
380,-10,-13,-0.48727,-0.020567
380,-10,-13,-0.48727,-0.020567
381,-12,12,0.23636,0.011283
381,-12,12,0.23636,0.011283
382,-9,4,-0.19079,0.031131
382,-9,4,-0.19079,0.031131
383,-11,-9,-0.051011,-0.013461
383,-11,-9,-0.051011,-0.013461
383,-11,-9,-0.051011,-0.013461
383,-11,-9,-0.051011,-0.013461
384,-13,10,0.38171,0.0046378
384,-13,10,0.38171,0.0046378
385,-13,10,0.37586,0.0046378
385,-13,10,0.37586,0.0046378
386,-13,10,0.37605,0.0046378
386,-13,10,0.37605,0.0046378
387,-16,23,0.50414,0.0063907
387,-16,23,0.50414,0.0063907
388,-19,16,0.46779,0.0092371
388,-19,16,0.46779,0.0092371
388,-19,17,0.56123,0.0082235
388,-19,17,0.56123,0.0082235
389,4,6,-0.80061,-0.031598
389,4,6,-0.80061,-0.031598
390,18,1,-0.36593,-0.016525
390,18,1,-0.36593,-0.016525
391,-11,-3,0.29262,0.0064202
391,-11,-3,0.29262,0.0064202
392,-14,-15,-0.60325,-0.010818
392,-14,-15,-0.60325,-0.010818
393,-13,12,0.26473,0.0098738
393,-13,12,0.26473,0.0098738
393,-13,13,0.13572,0.01814
393,-13,13,0.13572,0.01814
394,20,3,-0.57546,-0.025351
394,20,3,-0.57546,-0.025351
395,6,7,-0.85796,-0.029794
395,6,7,-0.85796,-0.029794
396,-21,23,0.44968,0.0065196
396,-21,23,0.44968,0.0065196
396,-21,24,0.44451,0.0085549
396,-21,24,0.44451,0.0085549
396,-20,23,0.5092,0.0086434
396,-20,23,0.5092,0.0086434
396,-20,24,0.47471,0.0082744
396,-20,24,0.47471,0.0082744
397,15,3,-0.4308,-0.011356
397,15,3,-0.4308,-0.011356
398,5,6,-0.86332,-0.032365
398,5,6,-0.86332,-0.032365
399,-14,-15,-0.63095,-0.01338
399,-14,-15,-0.63095,-0.01338
400,-8,7,0.24141,0.018415
400,-8,7,0.24141,0.018415
401,-15,11,0.42744,-0.0050399
401,-15,11,0.42744,-0.0050399
402,-8,-7,0.27035,-0.0059329
402,-8,-7,0.27035,-0.0059329
403,-8,-7,0.27979,-0.0070961
403,-8,-7,0.27979,-0.0070961
403,-7,-7,0.29287,-0.0098198
403,-7,-7,0.29287,-0.0098198
404,-16,-3,0.35343,0.0065208
404,-16,-3,0.35343,0.0065208
405,-8,-7,0.24945,-0.0059329
405,-8,-7,0.24945,-0.0059329
406,-17,23,0.56095,0.0081855
406,-17,23,0.56095,0.0081855
406,-17,23,0.56095,0.0081855
407,-21,22,0.44609,0.0053738
407,-21,22,0.44609,0.0053738
408,-9,-13,-0.36892,-0.014298
408,-9,-13,-0.36892,-0.014298
408,-9,-13,-0.36892,-0.014298
409,5,6,-0.87808,-0.031799
409,5,6,-0.87808,-0.031799
409,5,6,-0.87808,-0.031799
410,5,6,-0.87472,-0.030251
410,5,6,-0.87472,-0.030251
410,5,6,-0.87472,-0.030251
410,5,6,-0.87472,-0.030251
411,19,-14,-0.40768,-0.00996
411,19,-14,-0.40768,-0.00996
411,19,-14,-0.40768,-0.00996
412,-11,-9,0.030089,-0.0059179
412,-11,-9,0.030089,-0.0059179
413,-14,-5,0.12833,-0.0056363
413,-14,-5,0.12833,-0.0056363
414,-20,15,0.45267,0.0060186
414,-20,15,0.45267,0.0060186
415,8,7,-0.8803,-0.027075
415,8,7,-0.8803,-0.027075
416,18,-14,-0.43382,-0.01188
416,18,-14,-0.43382,-0.01188
417,21,-16,-0.4596,0.0021964
417,21,-16,-0.4596,0.0021964
418,14,10,-0.807,-0.030108
418,14,10,-0.807,-0.030108
418,14,11,-0.84879,-0.033203
418,14,11,-0.84879,-0.033203
419,-17,10,0.16723,-0.013648
419,-17,10,0.16723,-0.013648
420,-18,26,0.50664,0.0043965
420,-18,26,0.50664,0.0043965
420,-18,26,0.50664,0.0043965
421,-15,2,0.088693,-0.0060995
421,-15,2,0.088693,-0.0060995
421,-15,3,0.059773,-0.0031582
421,-15,3,0.059773,-0.0031582
421,-14,2,-0.014792,-0.014319
421,-14,2,-0.014792,-0.014319
421,-14,3,-0.027547,-0.010102
421,-14,3,-0.027547,-0.010102
422,-12,12,0.25411,0.0077605
422,-12,12,0.25411,0.0077605
423,20,-16,-0.55635,-0.0034374
423,20,-16,-0.55635,-0.0034374
424,20,-10,-0.20965,-0.015255
424,20,-10,-0.20965,-0.015255
425,-15,22,0.34428,0.0062046
425,-15,22,0.34428,0.0062046
425,-15,22,0.34428,0.0062046
425,-15,23,0.39545,0.0047761
425,-15,23,0.39545,0.0047761
425,-15,23,0.39545,0.0047761
426,-15,22,0.4007,0.0066045
426,-15,22,0.4007,0.0066045
426,-15,23,0.46416,0.0052365
426,-15,23,0.46416,0.0052365
427,-19,15,0.41812,0.0085222
427,-19,15,0.41812,0.0085222
427,-19,15,0.41812,0.0085222
428,-2,5,0.24897,0.024009
428,-2,5,0.24897,0.024009
428,-2,5,0.24897,0.024009
429,-19,24,0.50655,0.0087991
429,-19,24,0.50655,0.0087991
430,4,6,-0.83322,-0.029529
430,4,6,-0.83322,-0.029529
431,-9,-13,-0.2547,-0.010292
431,-9,-13,-0.2547,-0.010292
431,-9,-13,-0.2547,-0.010292
432,-22,31,0.68313,0.037907
432,-22,31,0.68313,0.037907
433,-22,31,0.68313,0.037907
433,-22,31,0.68313,0.037907
434,-17,7,0.051278,-0.0062585
434,-17,7,0.051278,-0.0062585
435,-20,29,0.57123,0.016644
435,-20,29,0.57123,0.016644
436,-11,4,-0.04479,-0.0049129
436,-11,4,-0.04479,-0.0049129
437,-17,15,0.22222,0.017689
437,-17,15,0.22222,0.017689
437,-17,16,0.24273,0.015461
437,-17,16,0.24273,0.015461
438,-17,16,0.20654,0.014236
438,-17,16,0.20654,0.014236
439,-20,17,0.59554,0.0055281
439,-20,17,0.59554,0.0055281
440,14,-8,-0.36495,-0.022068
440,14,-8,-0.36495,-0.022068
441,10,11,-0.72846,-0.016638
441,10,11,-0.72846,-0.016638
442,-19,24,0.47915,0.0089699
442,-19,24,0.47915,0.0089699
442,-18,24,0.53096,0.0089778
442,-18,24,0.53096,0.0089778
443,-15,-5,0.12371,-0.0051212
443,-15,-5,0.12371,-0.0051212
443,-14,-5,0.14475,-0.0051417
443,-14,-5,0.14475,-0.0051417
444,-18,24,0.51865,0.0086732
444,-18,24,0.51865,0.0086732
444,-18,25,0.49142,0.0062704
444,-18,25,0.49142,0.0062704
445,17,-8,-0.19236,-0.020348
445,17,-8,-0.19236,-0.020348
446,-9,4,-0.12999,0.028669
446,-9,4,-0.12999,0.028669
447,-12,-5,0.23046,0.0014676
447,-12,-5,0.23046,0.0014676
448,-17,22,0.49494,0.0091579
448,-17,22,0.49494,0.0091579
448,-17,23,0.52017,0.009082
448,-17,23,0.52017,0.009082
449,-10,4,-0.032401,0.011404
449,-10,4,-0.032401,0.011404
450,-12,-4,0.27953,0.0025399
450,-12,-4,0.27953,0.0025399
451,4,4,-0.86726,-0.022596
451,4,4,-0.86726,-0.022596
452,4,4,-0.86726,-0.022596
452,4,4,-0.86726,-0.022596
453,15,-7,-0.21401,-0.019582
453,15,-7,-0.21401,-0.019582
454,4,4,-0.86726,-0.022596
454,4,4,-0.86726,-0.022596
455,-18,12,0.16686,-0.005466
455,-18,12,0.16686,-0.005466
455,-18,13,0.21297,-0.0004461
455,-18,13,0.21297,-0.0004461
456,-11,-3,0.33974,0.0074858
456,-11,-3,0.33974,0.0074858
457,-14,10,0.24429,-0.0049994
457,-14,10,0.24429,-0.0049994
457,-13,10,0.33175,0.0037201
457,-13,10,0.33175,0.0037201
458,18,-15,-0.48903,-0.010603
458,18,-15,-0.48903,-0.010603
458,18,-14,-0.43543,-0.011942
458,18,-14,-0.43543,-0.011942
459,17,-6,-0.06049,-0.016564
459,17,-6,-0.06049,-0.016564
460,-15,3,0.28767,-0.0045414
460,-15,3,0.28767,-0.0045414
461,-14,-11,-0.17402,-0.0062557
461,-14,-11,-0.17402,-0.0062557
461,-14,-10,-0.1107,-0.0058577
461,-14,-10,-0.1107,-0.0058577
461,-13,-11,-0.12387,-0.0058067
461,-13,-11,-0.12387,-0.0058067
461,-13,-10,-0.059162,-0.00519
461,-13,-10,-0.059162,-0.00519
462,16,-7,-0.15838,-0.016473
462,16,-7,-0.15838,-0.016473
463,-14,-10,-0.060661,-0.0037068
463,-14,-10,-0.060661,-0.0037068
464,-13,9,0.23287,0.0050865
464,-13,9,0.23287,0.0050865
464,-13,9,0.23287,0.0050865
464,-13,10,0.31026,0.0030058
464,-13,10,0.31026,0.0030058
464,-13,10,0.31026,0.0030058
465,1,-4,-0.13317,-0.0165
465,1,-4,-0.13317,-0.0165
465,1,-3,-0.13841,-0.014881
465,1,-3,-0.13841,-0.014881
465,2,-4,-0.25816,-0.019796
465,2,-4,-0.25816,-0.019796
465,2,-3,-0.27309,-0.018167
465,2,-3,-0.27309,-0.018167
466,1,-3,-0.12223,-0.01502
466,1,-3,-0.12223,-0.01502
466,1,-3,-0.12223,-0.01502
467,1,-1,-0.24483,-0.010411
467,1,-1,-0.24483,-0.010411
467,1,-1,-0.24483,-0.010411
468,-1,-4,0.10316,-0.0094705
468,-1,-4,0.10316,-0.0094705
469,-1,-4,0.10248,-0.0094705
469,-1,-4,0.10248,-0.0094705
470,-1,-4,0.10248,-0.0094705
470,-1,-4,0.10248,-0.0094705
471,-1,-3,0.099812,-0.0068149
471,-1,-3,0.099812,-0.0068149
471,-1,-3,0.099812,-0.0068149
472,-1,-3,0.10636,-0.0059997
472,-1,-3,0.10636,-0.0059997
473,-2,-3,0.19236,-0.0026913
473,-2,-3,0.19236,-0.0026913
473,-1,-3,0.10922,-0.0058792
473,-1,-3,0.10922,-0.0058792
474,-1,-3,0.1062,-0.0059997
474,-1,-3,0.1062,-0.0059997
475,-1,-1,0.051708,0.0065513
475,-1,-1,0.051708,0.0065513
476,-1,-1,0.069843,0.0079642
476,-1,-1,0.069843,0.0079642
476,-1,1,-0.088411,0.017303
476,-1,1,-0.088411,0.017303
477,-1,1,-0.10736,0.016
477,-1,1,-0.10736,0.016
478,-1,-4,0.10248,-0.0094705
478,-1,-4,0.10248,-0.0094705
479,-1,-4,0.10248,-0.0094705
479,-1,-4,0.10248,-0.0094705
480,-1,-3,0.10628,-0.0059997
480,-1,-3,0.10628,-0.0059997
481,-1,-2,0.096335,-7.023e-05
481,-1,-2,0.096335,-7.023e-05
482,-1,-1,0.051708,0.0065513
482,-1,-1,0.051708,0.0065513
483,1,-3,0.016974,-0.0091392
483,1,-3,0.016974,-0.0091392
484,1,-4,-0.0025949,-0.009617
484,1,-4,-0.0025949,-0.009617
485,1,-4,-0.0025949,-0.009617
485,1,-4,-0.0025949,-0.009617
486,1,-3,0.012969,-0.0091392
486,1,-3,0.012969,-0.0091392
487,2,-12,-0.67466,-0.01398
487,2,-12,-0.67466,-0.01398
487,2,-11,-0.6,-0.013151
487,2,-11,-0.6,-0.013151
488,15,-6,-0.30757,-0.017707
488,15,-6,-0.30757,-0.017707
489,2,-9,-0.19992,-0.0076666
489,2,-9,-0.19992,-0.0076666
490,1,-9,-0.21926,-0.0081607
490,1,-9,-0.21926,-0.0081607
491,-16,1,0.36634,-0.00090951
491,-16,1,0.36634,-0.00090951
492,-18,9,0.15216,-0.0045707
492,-18,9,0.15216,-0.0045707
492,-18,10,0.16576,-0.0051758
492,-18,10,0.16576,-0.0051758
493,-20,28,0.35775,0.0071825
493,-20,28,0.35775,0.0071825
494,-15,3,0.21765,-0.0052938
494,-15,3,0.21765,-0.0052938
494,-15,3,0.21765,-0.0052938
494,-15,3,0.21765,-0.0052938
495,15,-12,-0.42727,-0.017214
495,15,-12,-0.42727,-0.017214
496,-1,1,0.0065725,0.0042842
496,-1,1,0.0065725,0.0042842
497,-3,5,0.2802,0.030717
497,-3,5,0.2802,0.030717
498,-3,6,0.36152,0.020599
498,-3,6,0.36152,0.020599
499,-4,5,0.322,0.038359
499,-4,5,0.322,0.038359
500,-3,6,0.36586,0.020599
500,-3,6,0.36586,0.020599
501,-23,33,0.39567,0.028913
501,-23,33,0.39567,0.028913
501,-23,33,0.39567,0.028913
502,-23,33,0.39567,0.028913
502,-23,33,0.39567,0.028913
502,-23,33,0.39567,0.028913
503,-23,33,0.31383,0.024804
503,-23,33,0.31383,0.024804
504,-20,13,0.26873,-0.0015357
504,-20,13,0.26873,-0.0015357
505,-4,7,0.54166,0.018475
505,-4,7,0.54166,0.018475
505,-4,7,0.54166,0.018475
505,-4,8,0.64196,0.016811
505,-4,8,0.64196,0.016811
505,-4,8,0.64196,0.016811
506,-4,7,0.52787,0.0186
506,-4,7,0.52787,0.0186
506,-4,7,0.52787,0.0186
506,-4,7,0.52787,0.0186
506,-4,8,0.62865,0.016887
506,-4,8,0.62865,0.016887
506,-4,8,0.62865,0.016887
506,-4,8,0.62865,0.016887
507,-5,10,0.66391,0.019132
507,-5,10,0.66391,0.019132
507,-5,10,0.66391,0.019132
507,-5,10,0.66391,0.019132
508,-19,15,0.41287,0.0074444
508,-19,15,0.41287,0.0074444
508,-19,15,0.41287,0.0074444
509,-1,-12,-0.31438,-0.0066157
509,-1,-12,-0.31438,-0.0066157
510,-2,-12,-0.29066,-0.0068824
510,-2,-12,-0.29066,-0.0068824
511,-2,-11,-0.25403,-0.0052717
511,-2,-11,-0.25403,-0.0052717
512,-2,-11,-0.25403,-0.0052717
512,-2,-11,-0.25403,-0.0052717
513,-1,-6,0.071039,-0.0086726
513,-1,-6,0.071039,-0.0086726
514,-1,-6,0.10459,-0.0086726
514,-1,-6,0.10459,-0.0086726
515,-1,-6,0.071039,-0.0086726
515,-1,-6,0.071039,-0.0086726
516,-1,-5,0.1312,-0.0073128
516,-1,-5,0.1312,-0.0073128
516,-1,-5,0.1312,-0.0073128
517,-1,-5,0.1312,-0.0073128
517,-1,-5,0.1312,-0.0073128
517,-1,-5,0.1312,-0.0073128
518,-1,-5,0.13641,-0.0073128
518,-1,-5,0.13641,-0.0073128
518,-1,-5,0.13641,-0.0073128
519,1,-3,0.0072479,-0.0091392
519,1,-3,0.0072479,-0.0091392
520,-2,-11,-0.33105,-0.0061276
520,-2,-11,-0.33105,-0.0061276
520,-2,-11,-0.33105,-0.0061276
521,-18,22,0.39921,0.0058177
521,-18,22,0.39921,0.0058177
521,-18,22,0.39921,0.0058177
521,-18,23,0.39838,0.0053875
521,-18,23,0.39838,0.0053875
521,-18,23,0.39838,0.0053875
521,-17,22,0.37306,0.0054841
521,-17,22,0.37306,0.0054841
521,-17,22,0.37306,0.0054841
521,-17,23,0.39574,0.0046949
521,-17,23,0.39574,0.0046949
521,-17,23,0.39574,0.0046949
522,-18,22,0.37006,0.0054458
522,-18,22,0.37006,0.0054458
522,-18,22,0.37006,0.0054458
522,-18,23,0.37055,0.0050325
522,-18,23,0.37055,0.0050325
522,-18,23,0.37055,0.0050325
522,-17,22,0.34486,0.0051243
522,-17,22,0.34486,0.0051243
522,-17,22,0.34486,0.0051243
522,-17,23,0.36886,0.0043519
522,-17,23,0.36886,0.0043519
522,-17,23,0.36886,0.0043519
523,-19,25,0.34647,0.0044882
523,-19,25,0.34647,0.0044882
524,-19,25,0.34647,0.0044882
524,-19,25,0.34647,0.0044882
525,17,-11,-0.34829,-0.015758
525,17,-11,-0.34829,-0.015758
526,-6,3,0.33431,0.067168
526,-6,3,0.33431,0.067168
526,-6,3,0.33431,0.067168
527,-6,1,0.33633,0.071621
527,-6,1,0.33633,0.071621
527,-6,2,0.30494,0.075074
527,-6,2,0.30494,0.075074
528,-4,7,0.47514,0.017704
528,-4,7,0.47514,0.017704
528,-4,8,0.58433,0.016884
528,-4,8,0.58433,0.016884
529,-1,-7,0.042458,-0.0057604
529,-1,-7,0.042458,-0.0057604
530,-1,-7,0.042458,-0.0057604
530,-1,-7,0.042458,-0.0057604
531,-2,-5,0.21535,-0.0039117
531,-2,-5,0.21535,-0.0039117
532,-15,-7,0.081374,-0.0015677
532,-15,-7,0.081374,-0.0015677
532,-15,-6,0.13107,-0.0015048
532,-15,-6,0.13107,-0.0015048
533,-13,12,0.26194,0.011763
533,-13,12,0.26194,0.011763
533,-13,13,0.14389,0.014632
533,-13,13,0.14389,0.014632
534,-1,-7,0.045366,-0.0057604
534,-1,-7,0.045366,-0.0057604
535,-3,7,0.44197,0.014078
535,-3,7,0.44197,0.014078
536,-20,26,0.3111,0.0062273
536,-20,26,0.3111,0.0062273
537,-17,10,0.1959,-0.0099549
537,-17,10,0.1959,-0.0099549
538,-20,18,0.58494,0.0043593
538,-20,18,0.58494,0.0043593
539,-19,24,0.31867,0.0036742
539,-19,24,0.31867,0.0036742
540,-15,3,0.20264,-0.0065206
540,-15,3,0.20264,-0.0065206
541,-22,31,0.28,0.013655
541,-22,31,0.28,0.013655
542,-11,-4,0.31082,0.0062914
542,-11,-4,0.31082,0.0062914
543,-21,22,0.41607,0.0051156
543,-21,22,0.41607,0.0051156
544,-17,19,0.34944,0.0041094
544,-17,19,0.34944,0.0041094
545,-22,31,0.24504,0.012886
545,-22,31,0.24504,0.012886
545,-22,31,0.24504,0.012886
545,-22,31,0.24504,0.012886
545,-22,31,0.24504,0.012886
546,-2,-6,0.15024,-0.0052717
546,-2,-6,0.15024,-0.0052717
546,-2,-6,0.15024,-0.0052717
547,-20,18,0.58271,0.0047037
547,-20,18,0.58271,0.0047037
548,-15,-6,0.10385,-0.00049228
548,-15,-6,0.10385,-0.00049228
549,-15,-6,0.088662,-0.0015585
549,-15,-6,0.088662,-0.0015585
550,-16,13,0.21332,0.011184
550,-16,13,0.21332,0.011184
551,-2,-6,0.17689,-0.0027647
551,-2,-6,0.17689,-0.0027647
552,-9,-7,0.35945,0.0070697
552,-9,-7,0.35945,0.0070697
553,18,-4,-0.26413,-0.013511
553,18,-4,-0.26413,-0.013511
554,20,-14,-0.40616,-0.0082633
554,20,-14,-0.40616,-0.0082633
555,-10,3,0.066323,0.016086
555,-10,3,0.066323,0.016086
556,16,-12,-0.4155,-0.016188
556,16,-12,-0.4155,-0.016188
557,17,-10,-0.38756,-0.016969
557,17,-10,-0.38756,-0.016969
558,-11,4,0.15153,-0.0022442
558,-11,4,0.15153,-0.0022442
559,-11,-4,0.28299,0.0057138
559,-11,-4,0.28299,0.0057138
560,-1,-4,0.20724,-0.0019036
560,-1,-4,0.20724,-0.0019036
561,-1,-4,0.20478,-0.0019036
561,-1,-4,0.20478,-0.0019036
562,-22,31,0.24135,0.011294
562,-22,31,0.24135,0.011294
563,16,-5,-0.2815,-0.015655
563,16,-5,-0.2815,-0.015655
564,17,3,-0.44175,-0.01349
564,17,3,-0.44175,-0.01349
565,-15,24,0.42636,0.0028782
565,-15,24,0.42636,0.0028782
566,-20,29,0.33472,0.0047991
566,-20,29,0.33472,0.0047991
567,15,3,-0.37708,-0.0099378
567,15,3,-0.37708,-0.0099378
568,-19,21,0.39568,0.0047412
568,-19,21,0.39568,0.0047412
