tractid,twp,rge,lnbonuspad_res,roy_res,numbids,auctionyear
1,16,-10,-.2875141,-.0048525,2,1974
1,16,-10,-.1822723,-.0381858,2,1974
2,16,-10,-.2251652,-.0048525,2,1974
2,16,-10,-.1822723,-.0381858,2,1974
3,-21,16,.9132739,-.0381858,3,1974
3,-21,16,1.024611,-.0048525,3,1974
3,-21,16,1.106663,-.0048525,3,1974
4,-21,21,-.812941,.2151475,2,1974
4,-21,21,.8650199,-.0048525,2,1974
5,-20,24,1.27003,.0451475,2,1974
5,-20,24,1.970935,-.0381858,2,1974
6,-6,7,-.1850928,-.0381858,2,1974
6,-6,7,.1781613,-.0381858,2,1974
7,7,10,-1.02186,.0461475,2,1974
7,7,10,.5510393,-.0173525,2,1974
8,-21,16,1.529045,-.0048525,2,1974
8,-21,16,1.858545,-.0048525,2,1974
9,20,-16,-1.741403,-.0381858,2,1974
9,20,-16,-.1336664,-.0381858,2,1974
10,-17,23,.1498038,-.0298525,2,1974
10,-17,23,.4168302,-.0381858,2,1974
11,19,-15,-2.137668,-.0381858,2,1974
11,19,-15,.0124322,-.0381858,2,1974
12,-10,-2,-.8668021,-.0381858,2,1974
12,-10,-2,.1693579,-.0381858,2,1974
13,22,-3,-1.05337,-.0381858,2,1974
13,22,-3,-.3810628,.0051475,2,1974
14,-10,-2,.1213037,-.0048525,2,1974
14,-10,-2,.5166789,-.0048525,2,1974
15,22,-3,-1.05337,-.0381858,2,1974
15,22,-3,-.3810628,.0051475,2,1974
16,16,3,-.5647243,.0451475,2,1974
16,16,3,.4653894,-.0381858,2,1974
16,16,4,-.5647243,.0451475,2,1974
16,16,4,.4653894,-.0381858,2,1974
17,-12,12,-.0955885,-.0381858,2,1974
17,-12,12,.5307652,-.0381858,2,1974
18,-20,23,.3418957,-.0048525,2,1974
18,-20,23,.5158807,-.0048525,2,1974
19,-12,4,-.3467344,-.0381858,2,1974
19,-12,4,-.1380881,-.0381858,2,1974
20,9,11,-2.193645,.0451475,2,1974
20,9,11,-1.618855,-.0381858,2,1974
21,-14,15,-.5129555,.1151475,3,1974
21,-14,15,.0824434,.1751475,3,1974
21,-14,15,.6000291,.1351475,3,1974
22,-14,15,-.5129555,.1151475,3,1974
22,-14,15,.0824434,.1751475,3,1974
22,-14,15,.6000291,.1351475,3,1974
22,-14,16,-.5129555,.1151475,3,1974
22,-14,16,.0824434,.1751475,3,1974
22,-14,16,.6000291,.1351475,3,1974
23,18,3,-.7575797,-.0381858,2,1974
23,18,3,.1774823,-.0048525,2,1974
24,20,10,-2.108406,-.0111333,2,1975
24,20,10,-.6047388,-.0594666,2,1975
24,20,11,-2.108406,-.0111333,2,1975
24,20,11,-.6047388,-.0594666,2,1975
25,-21,21,1.203164,-.0594666,2,1975
25,-21,21,1.214163,.0238667,2,1975
26,20,-2,-.5029045,.0238667,2,1975
26,20,-2,.3079671,-.0261333,2,1975
27,-13,10,-.0980464,-.0386333,2,1975
27,-13,10,.3379497,-.0111333,2,1975
28,-10,-3,.0619721,-.0594666,2,1975
28,-10,-3,.1638655,.0738667,2,1975
28,-10,-2,.0619721,-.0594666,2,1975
28,-10,-2,.1638655,.0738667,2,1975
28,-9,-3,.0619721,-.0594666,2,1975
28,-9,-3,.1638655,.0738667,2,1975
28,-9,-2,.0619721,-.0594666,2,1975
28,-9,-2,.1638655,.0738667,2,1975
29,15,-12,-1.32618,.1738667,2,1975
29,15,-12,2.037436,.0388666,2,1975
30,-17,10,-.222591,.0238667,2,1975
30,-17,10,.0524286,-.0594666,2,1975
31,-20,17,.0995115,.0238667,2,1975
31,-20,17,.2466234,-.0261333,2,1975
31,-20,30,.0995115,.0238667,2,1975
31,-20,30,.2466234,-.0261333,2,1975
31,-19,17,.0995115,.0238667,2,1975
31,-19,17,.2466234,-.0261333,2,1975
31,-19,30,.0995115,.0238667,2,1975
31,-19,30,.2466234,-.0261333,2,1975
32,21,-14,-1.315182,-.0061333,2,1975
32,21,-14,-.8659735,-.0594666,2,1975
32,22,-14,-1.315182,-.0061333,2,1975
32,22,-14,-.8659735,-.0594666,2,1975
33,16,-12,-1.142157,.0238667,2,1975
33,16,-12,.0332755,.0488667,2,1975
34,-12,8,.4376897,-.0261333,2,1975
34,-12,8,.7347807,.0238667,2,1975
35,15,-13,.266425,.0238667,2,1975
35,15,-13,.7402028,-.0261333,2,1975
36,-12,9,-.6177426,-.0386333,2,1975
36,-12,9,-.2243305,-.0386333,2,1975
37,14,-13,-1.308676,-.0594666,2,1975
37,14,-13,-.2361127,-.0261333,2,1975
38,-13,12,.2557887,.0738667,4,1975
38,-13,12,.3064331,-.0261333,4,1975
38,-13,12,.4443206,.0788667,4,1975
38,-13,12,1.64019,-.0261333,4,1975
39,-20,16,.7943839,.0038667,2,1975
39,-20,16,1.168331,.0738667,2,1975
40,-20,16,.7943839,.0038667,2,1975
40,-20,16,1.168331,.0738667,2,1975
41,-9,2,-.5678607,.0285667,2,1975
41,-9,2,-.4496981,-.0594666,2,1975
42,15,-12,.4211911,.0488667,2,1975
42,15,-12,1.809622,-.0261333,2,1975
42,15,-11,.4211911,.0488667,2,1975
42,15,-11,1.809622,-.0261333,2,1975
42,16,-12,.4211911,.0488667,2,1975
42,16,-12,1.809622,-.0261333,2,1975
42,16,-11,.4211911,.0488667,2,1975
42,16,-11,1.809622,-.0261333,2,1975
43,-15,-9,-.4315864,-.0461333,2,1975
43,-15,-9,.1906351,-.0261333,2,1975
44,-18,23,-.402742,.0638667,2,1975
44,-18,23,.0935182,-.0261333,2,1975
45,-10,9,.2862701,.4394447,4,1976
45,-10,9,1.895112,.2794447,4,1976
45,-10,9,2.848228,-.0205553,4,1976
45,-10,9,3.502034,.1694447,4,1976
46,-14,-15,-1.122699,-.0305553,2,1976
46,-14,-15,-.5406814,-.0305553,2,1976
47,-14,-15,-1.122699,-.0305553,2,1976
47,-14,-15,-.3010569,-.0305553,2,1976
48,-13,11,-.1528321,.0194447,2,1976
48,-13,11,.380228,-.0305553,2,1976
48,-12,11,-.1528321,.0194447,2,1976
48,-12,11,.380228,-.0305553,2,1976
49,6,4,-.6290265,-.0305553,2,1976
49,6,4,-.1513024,.0294447,2,1976
50,-18,15,-.3936267,-.0305553,2,1976
50,-18,15,.8625244,.0244447,2,1976
50,-18,16,-.3936267,-.0305553,2,1976
50,-18,16,.8625244,.0244447,2,1976
51,-6,3,-.6003156,-.0430553,2,1976
51,-6,3,-.3699551,-.0305553,2,1976
52,-5,-1,.3318886,-.0430553,3,1976
52,-5,-1,.3584304,-.0430553,3,1976
52,-5,-1,.3584304,-.0305553,3,1976
53,-5,-1,.3584304,-.0430553,2,1976
53,-5,-1,.3584304,-.0305553,2,1976
54,-15,-16,-.9328542,.0194447,2,1976
54,-15,-16,-.1253777,-.0305553,2,1976
55,10,12,-2.009795,-.0638886,2,1976
55,10,12,-1.112987,.0194447,2,1976
56,15,4,-.6312218,-.0305553,2,1976
56,15,4,-.4143181,.0194447,2,1976
57,15,4,-.4143181,.0194447,2,1976
57,15,4,-.2379551,-.0305553,2,1976
58,15,4,-1.028358,.0394447,2,1976
58,15,4,.4392347,-.0205553,2,1976
58,16,4,-1.028358,.0394447,2,1976
58,16,4,.4392347,-.0205553,2,1976
59,-8,9,-1.53899,-.0638886,2,1976
59,-8,9,.510406,-.0218553,2,1976
60,-9,1,-.7976742,-.0638886,2,1976
60,-9,1,.2753691,-.0305553,2,1976
60,-9,13,-.7976742,-.0638886,2,1976
60,-9,13,.2753691,-.0305553,2,1976
61,-20,17,.7513852,-.0105553,2,1976
61,-20,17,.9423484,.0694447,2,1976
62,-20,12,-1.97945,-.0430553,2,1976
62,-20,12,.9908218,-.0230553,2,1976
63,-18,13,-1.97945,-.0430553,2,1976
63,-18,13,1.417606,-.0230553,2,1976
64,-6,-2,.8029001,.0311911,2,1977
64,-6,-2,1.306911,.0811911,2,1977
64,-6,-1,.8029001,.0311911,2,1977
64,-6,-1,1.306911,.0811911,2,1977
64,-6,12,.8029001,.0311911,2,1977
64,-6,12,1.306911,.0811911,2,1977
65,-11,15,.0624488,-.008809,2,1977
65,-11,15,.5299514,.021191,2,1977
66,-18,11,.2287357,-.0188089,2,1977
66,-18,11,.8193238,-.0188089,2,1977
67,-1,-12,-.6591198,-.0521422,2,1977
67,-1,-12,-.1214706,-.0521422,2,1977
68,-5,-2,.3730863,.1145244,2,1977
68,-5,-2,.5731681,-.001809,2,1977
69,21,-16,-.8560345,.041191,2,1977
69,21,-16,-.0101568,-.0188089,2,1977
70,-13,12,-.5644466,-.0188089,2,1977
70,-13,12,.4866527,-.0188089,2,1977
71,-13,-4,.1163147,-.0521422,2,1977
71,-13,-4,.3500512,-.0488089,2,1977
72,-13,-4,.1163147,-.0521422,2,1977
72,-13,-4,.274906,-.0488089,2,1977
73,-15,-9,-1.345287,.0811911,2,1977
73,-15,-9,-.5327961,-.0521422,2,1977
74,-13,-3,-.4448397,-.0188089,3,1977
74,-13,-3,-.0415756,-.0521089,3,1977
74,-13,-3,.0637849,-.0521422,3,1977
75,-12,8,.2315348,-.0188089,2,1977
75,-12,8,.4133771,.006191,2,1977
76,-12,12,-.2511832,.0561911,3,1977
76,-12,12,.1570342,-.0188089,3,1977
76,-12,12,.251829,.006191,3,1977
77,-12,12,.0190242,.0311911,3,1977
77,-12,12,.1570342,-.0188089,3,1977
77,-12,12,.2782868,.0511911,3,1977
78,21,-16,-.6804535,.0511911,3,1977
78,21,-16,-.5678918,.2411911,3,1977
78,21,-16,1.42224,.0331911,3,1977
79,22,-3,-.6804535,-.0521089,2,1977
79,22,-3,-.632004,-.0521422,2,1977
80,-15,-5,.8462189,.0111911,2,1977
80,-15,-5,1.111168,.036191,2,1977
81,-16,10,.0190242,.0111911,2,1977
81,-16,10,.3082827,.0311911,2,1977
82,-20,11,.2807959,-.0128089,2,1977
82,-20,11,.4396322,-.0188089,2,1977
82,-20,12,.2807959,-.0128089,2,1977
82,-20,12,.4396322,-.0188089,2,1977
82,-19,11,.2807959,-.0128089,2,1977
82,-19,11,.4396322,-.0188089,2,1977
82,-19,12,.2807959,-.0128089,2,1977
82,-19,12,.4396322,-.0188089,2,1977
83,-18,23,-.398998,.0161911,2,1977
83,-18,23,-.2131369,.0011911,2,1977
84,-16,15,.0958946,.0011911,2,1977
84,-16,15,.6355088,.0471911,2,1977
85,-13,10,-1.30529,-.0313089,2,1977
85,-13,10,-1.107391,-.0521089,2,1977
86,-9,7,-.2447407,-.0038089,3,1977
86,-9,7,.0363362,.0111911,3,1977
86,-9,7,.0600989,-.0188089,3,1977
87,-14,17,-.5678918,-.008809,2,1977
87,-14,17,.2359918,-.0188089,2,1977
88,16,-11,-.93734,-.0217105,2,1978
88,16,-11,-.2490336,-.0550105,2,1978
89,-4,-2,-.8133137,.0532895,5,1978
89,-4,-2,-.3448908,-.0217105,5,1978
89,-4,-2,-.2228424,-.0067105,5,1978
89,-4,-2,.4666417,.0332895,5,1978
89,-4,-2,1.870319,.0052895,5,1978
90,-4,10,1.180586,.1782895,2,1978
90,-4,10,2.59084,.0432895,2,1978
90,-4,11,1.180586,.1782895,2,1978
90,-4,11,2.59084,.0432895,2,1978
91,-9,-10,-1.35585,-.0550105,4,1978
91,-9,-10,-.9785301,-.0467105,4,1978
91,-9,-10,.0830577,-.0342105,4,1978
91,-9,-10,.4453099,-.0550105,4,1978
92,18,13,-.306307,-.0550105,2,1978
92,18,13,-.184107,-.0550438,2,1978
93,17,13,-.1841385,-.0550105,2,1978
93,17,13,-.0626027,-.0550438,2,1978
93,18,13,-.1841385,-.0550105,2,1978
93,18,13,-.0626027,-.0550438,2,1978
94,14,10,-.7150566,-.0342105,2,1978
94,14,10,-.6216313,-.0342105,2,1978
95,14,10,-1.527412,.0082895,2,1978
95,14,10,-.9487106,-.0342105,2,1978
96,-5,-2,.2583736,.0432895,2,1978
96,-5,-2,1.635782,.0382895,2,1978
97,-14,12,.0292876,.0282895,3,1978
97,-14,12,.5186866,.0282895,3,1978
97,-14,12,.7795332,-.0529105,3,1978
98,6,7,-1.543711,-.0342105,2,1978
98,6,7,-.9717156,-.0342105,2,1978
99,-3,6,-2.174365,-.0342105,4,1978
99,-3,6,-.1590073,.0082895,4,1978
99,-3,6,1.206171,-.0117105,4,1978
99,-3,6,2.444348,.0282895,4,1978
100,-6,3,-.3307068,.0282895,4,1978
100,-6,3,.0514567,.1782895,4,1978
100,-6,3,.4070533,.0282895,4,1978
100,-6,3,1.147671,.0032895,4,1978
101,-11,9,-.6523888,-.0117105,2,1978
101,-11,9,-.2429582,.0282895,2,1978
102,-13,-3,.0028461,.0032895,2,1978
102,-13,-3,.2449782,.0282895,2,1978
103,-17,15,-.3926632,-.0417105,2,1978
103,-17,15,.2331789,.0407895,2,1978
104,-18,15,.2296122,-.0167105,2,1978
104,-18,15,.8138946,.0332895,2,1978
105,-19,12,.5384138,-.0017105,2,1978
105,-19,12,.5721834,.0232895,2,1978
106,-16,18,.8211287,.0457895,2,1978
106,-16,18,1.327146,.0632895,2,1978
107,-17,19,-.686536,-.0517105,2,1978
107,-17,19,.842265,.0382895,2,1978
108,19,-14,-.6875297,.0332895,2,1978
108,19,-14,-.4975721,-.0342105,2,1978
109,-13,10,1.050692,.0432895,3,1978
109,-13,10,1.09349,.0532895,3,1978
109,-13,10,1.237821,.0532895,3,1978
110,-12,10,1.101426,.0632895,2,1978
110,-12,10,1.110911,.0432895,2,1978
111,-16,13,-.0079667,-.0207105,2,1978
111,-16,13,.2792304,.0282895,2,1978
112,14,-8,-.551294,-.0342105,2,1978
112,14,-8,-.3042781,-.0342105,2,1978
113,-7,6,-.7898967,-.0550105,3,1978
113,-7,6,-.6125695,-.0342105,3,1978
113,-7,6,-.0079667,.0282895,3,1978
114,-8,6,-.4935567,-.0550105,2,1978
114,-8,6,-.4935567,.0282895,2,1978
115,-8,6,.2281387,-.0342105,3,1978
115,-8,6,.7997444,.0052895,3,1978
115,-8,6,.9197791,.0282895,3,1978
116,-8,7,-1.29697,.0282895,3,1978
116,-8,7,.1884149,-.0342105,3,1978
116,-8,7,.6062663,-.0147105,3,1978
117,-17,15,-.0961715,-.035708,2,1979
117,-17,15,.1163568,-.035708,2,1979
118,-19,16,.322307,-.015708,2,1979
118,-19,16,1.408857,.039292,2,1979
119,-16,18,-.5330577,-.035708,3,1979
119,-16,18,1.408857,.039292,3,1979
119,-16,18,1.977563,-.015708,3,1979
119,-16,19,-.5330577,-.035708,3,1979
119,-16,19,1.408857,.039292,3,1979
119,-16,19,1.977563,-.015708,3,1979
120,-14,13,-.2879191,-.030708,2,1979
120,-14,13,-.1137739,-.025708,2,1979
120,-13,13,-.2879191,-.030708,2,1979
120,-13,13,-.1137739,-.025708,2,1979
121,-16,13,-.5885816,.014292,2,1979
121,-16,13,.3329572,.014292,2,1979
122,-16,18,-.3342696,.014292,2,1979
122,-16,18,.9169659,-.015708,2,1979
123,-21,26,-1.718852,-.025708,3,1979
123,-21,26,-1.021801,-.015708,3,1979
123,-21,26,.8083138,-.035708,3,1979
124,18,-14,-1.735835,-.069008,2,1979
124,18,-14,-1.514012,-.065708,2,1979
124,18,-13,-1.735835,-.069008,2,1979
124,18,-13,-1.514012,-.065708,2,1979
125,-6,7,-.1214138,-.035708,2,1979
125,-6,7,.7298927,-.020708,2,1979
126,-2,6,-1.577741,-.085708,2,1979
126,-2,6,-.9145427,-.048208,2,1979
127,5,6,-2.28131,-.110708,3,1979
127,5,6,-1.902224,-.110708,3,1979
127,5,6,-1.526879,-.048208,3,1979
128,14,-12,-1.00124,-.025708,2,1979
128,14,-12,-.4066821,-.010708,2,1979
128,14,-11,-1.00124,-.025708,2,1979
128,14,-11,-.4066821,-.010708,2,1979
129,23,-5,.2844562,-.010708,4,1979
129,23,-5,.4142736,.001792,4,1979
129,23,-5,.4256901,-.025708,4,1979
129,23,-5,.5151529,.024292,4,1979
130,-15,-6,-1.394123,-.035708,2,1979
130,-15,-6,-.87428,-.035708,2,1979
131,-14,-8,-.1843415,.014292,2,1979
131,-14,-8,.0106539,-.025708,2,1979
132,-22,33,-.3772403,-.035708,2,1979
132,-22,33,.3331503,.024292,2,1979
133,-3,-12,-1.047414,.014292,2,1979
133,-3,-12,-.6798521,-.069008,2,1979
134,-13,9,-.3869582,-.025708,2,1979
134,-13,9,.3214859,.024292,2,1979
134,-13,21,-.3869582,-.025708,2,1979
134,-13,21,.3214859,.024292,2,1979
135,-19,18,.1936239,-.000708,2,1979
135,-19,18,.380916,-.015708,2,1979
136,-15,12,1.659197,-.000708,2,1979
136,-15,12,1.740184,-.010708,2,1979
137,-15,-8,-.8311206,-.023708,2,1979
137,-15,-8,.2633614,-.035708,2,1979
138,-9,12,-2.236537,-.048208,3,1979
138,-9,12,-.379139,.014292,3,1979
138,-9,12,.6681413,.014292,3,1979
139,-9,12,-2.224175,-.048208,2,1979
139,-9,12,.6681413,.014292,2,1979
139,-9,13,-2.224175,-.048208,2,1979
139,-9,13,.6681413,.014292,2,1979
139,-8,12,-2.224175,-.048208,2,1979
139,-8,12,.6681413,.014292,2,1979
139,-8,13,-2.224175,-.048208,2,1979
139,-8,13,.6681413,.014292,2,1979
140,-9,12,-.379139,.014292,3,1979
140,-9,12,-.3715783,-.048208,3,1979
140,-9,12,1.178419,.014292,3,1979
140,-9,13,-.379139,.014292,3,1979
140,-9,13,-.3715783,-.048208,3,1979
140,-9,13,1.178419,.014292,3,1979
141,-15,8,.276399,-.025708,2,1979
141,-15,8,1.831553,-.035708,2,1979
142,-15,9,-.6474338,-.035708,2,1979
142,-15,9,.4318561,-.025708,2,1979
143,20,-14,-.8188048,-.025708,2,1979
143,20,-14,-.2054106,-.020708,2,1979
144,-15,4,.4153074,-.010708,2,1979
144,-15,4,.4327835,-.005708,2,1979
145,-1,-5,-.126701,-.015708,2,1979
145,-1,-5,.0774521,-.010708,2,1979
146,-1,-5,-.126701,-.015708,2,1979
146,-1,-5,.0774521,-.010708,2,1979
146,-1,-4,-.126701,-.015708,2,1979
146,-1,-4,.0774521,-.010708,2,1979
147,-4,9,.308144,-.024708,2,1979
147,-4,9,2.343195,.110292,2,1979
148,-4,9,.2982234,-.024708,2,1979
148,-4,9,2.431457,.115292,2,1979
149,-4,9,.2982234,-.024708,3,1979
149,-4,9,1.184396,.029292,3,1979
149,-4,9,2.326218,.103292,3,1979
150,-4,9,.0215344,.139292,3,1979
150,-4,9,.2982234,-.024708,3,1979
150,-4,9,1.184396,.029292,3,1979
151,-4,9,.2982234,-.024708,2,1979
151,-4,9,1.184396,.029292,2,1979
152,-4,9,.2982234,-.024708,2,1979
152,-4,9,.54427,-.010708,2,1979
153,-4,9,.2982234,-.024708,2,1979
153,-4,9,.54427,-.010708,2,1979
153,-4,10,.2982234,-.024708,2,1979
153,-4,10,.54427,-.010708,2,1979
154,-3,-3,.54427,-.010708,2,1979
154,-3,-3,.5521883,-.018708,2,1979
155,-3,-3,.54427,-.010708,2,1979
155,-3,-3,.5521883,-.018708,2,1979
156,-3,-3,.0215344,.139292,3,1979
156,-3,-3,.0814504,-.020708,3,1979
156,-3,-3,.5521883,-.018708,3,1979
157,-3,-3,.1855663,-.020708,2,1979
157,-3,-3,.5521883,-.018708,2,1979
158,-3,-3,.5094032,-.020708,2,1979
158,-3,-3,.552041,-.018708,2,1979
159,-15,12,-.1103989,.014292,2,1979
159,-15,12,.2121762,-.005708,2,1979
160,-6,2,-.4068409,.224292,3,1979
160,-6,2,-.379139,.2892919,3,1979
160,-6,2,.5517768,.174292,3,1979
160,-6,3,-.4068409,.224292,3,1979
160,-6,3,-.379139,.2892919,3,1979
160,-6,3,.5517768,.174292,3,1979
161,-6,2,-.4068409,.224292,3,1979
161,-6,2,-.379139,.347592,3,1979
161,-6,2,.0090651,.139292,3,1979
161,-6,3,-.4068409,.224292,3,1979
161,-6,3,-.379139,.347592,3,1979
161,-6,3,.0090651,.139292,3,1979
162,-7,2,-1.022223,.227592,2,1979
162,-7,2,.9994535,-.010708,2,1979
163,-12,16,-.1817709,.014292,2,1979
163,-12,16,.0439042,-.020708,2,1979
163,-12,17,-.1817709,.014292,2,1979
163,-12,17,.0439042,-.020708,2,1979
164,-18,22,.3087215,.029292,2,1979
164,-18,22,2.061127,.014292,2,1979
164,-18,23,.3087215,.029292,2,1979
164,-18,23,2.061127,.014292,2,1979
165,-19,18,-.379139,.144292,2,1979
165,-19,18,-.1895891,-.025708,2,1979
166,-18,24,.712872,.034292,2,1979
166,-18,24,1.536859,.094292,2,1979
167,23,-5,-1.014033,-.069008,2,1979
167,23,-5,-.4550878,.014292,2,1979
168,18,-4,-1.489487,-.110708,5,1979
168,18,-4,-.3345195,-.048208,5,1979
168,18,-4,.1765913,-.025708,5,1979
168,18,-4,.2638153,-.069008,5,1979
168,18,-4,.277985,.029292,5,1979
169,-10,-2,-.225093,.039292,2,1979
169,-10,-2,-.0909835,-.025708,2,1979
169,-9,-2,-.225093,.039292,2,1979
169,-9,-2,-.0909835,-.025708,2,1979
170,-14,20,-1.116736,.074292,2,1979
170,-14,20,.3158754,.014292,2,1979
171,-14,20,-.0944758,.144292,2,1979
171,-14,20,.3158754,.014292,2,1979
172,-3,-3,-1.966307,-.048208,3,1979
172,-3,-3,-1.946813,-.069008,3,1979
172,-3,-3,-.914898,-.035708,3,1979
173,-6,2,-.4255629,.084292,2,1979
173,-6,2,.3158287,-.015708,2,1979
173,-6,3,-.4255629,.084292,2,1979
173,-6,3,.3158287,-.015708,2,1979
174,-9,-8,.2585119,-.015708,2,1979
174,-9,-8,.5615367,.036292,2,1979
174,-9,-7,.2585119,-.015708,2,1979
174,-9,-7,.5615367,.036292,2,1979
175,-14,-5,.0486998,-.015708,2,1979
175,-14,-5,.8212776,-.025708,2,1979
176,-18,23,-.2411681,-.025708,3,1979
176,-18,23,.0053276,-.015708,3,1979
176,-18,23,.3018049,-.025708,3,1979
177,-15,3,-.6673048,-.0365388,3,1980
177,-15,3,.2297432,-.0178388,3,1980
177,-15,3,1.116863,.0134612,3,1980
178,-12,6,-.5970166,-.0265388,2,1980
178,-12,6,.9338653,.0234612,2,1980
178,-12,7,-.5970166,-.0265388,2,1980
178,-12,7,.9338653,.0234612,2,1980
179,-15,12,.1276472,-.0065388,2,1980
179,-15,12,.3455746,.0084612,2,1980
180,-2,-5,.0216792,-.0065388,3,1980
180,-2,-5,.4525468,.0134612,3,1980
180,-2,-5,.663295,-.0065388,3,1980
181,-2,-4,-.1005232,-.0065388,3,1980
181,-2,-4,.4525468,.0134612,3,1980
181,-2,-4,1.327223,-.0065388,3,1980
182,-4,9,1.014747,.0284612,2,1980
182,-4,9,1.200938,.0134612,2,1980
183,-5,2,.1279538,.0134612,2,1980
183,-5,2,.9100749,.0134612,2,1980
184,20,-16,-.5285203,.0089612,2,1980
184,20,-16,-.1645372,-.0365388,2,1980
185,-12,10,-.2878969,.0134612,2,1980
185,-12,10,-.2374709,-.0615388,2,1980
186,-13,9,-.6245592,-.0365388,2,1980
186,-13,9,.0477607,.0134612,2,1980
187,-20,18,.0971572,.0134612,2,1980
187,-20,18,.7181933,.0154612,2,1980
188,21,-2,-1.221485,-.0365388,4,1980
188,21,-2,-1.221485,.0134612,4,1980
188,21,-2,-.8184388,-.0698388,4,1980
188,21,-2,.3396418,.0134612,4,1980
189,-14,-5,-.5968845,-.0165388,2,1980
189,-14,-5,-.4792473,-.0365388,2,1980
189,-14,-4,-.5968845,-.0165388,2,1980
189,-14,-4,-.4792473,-.0365388,2,1980
189,-13,-5,-.5968845,-.0165388,2,1980
189,-13,-5,-.4792473,-.0365388,2,1980
189,-13,-4,-.5968845,-.0165388,2,1980
189,-13,-4,-.4792473,-.0365388,2,1980
190,-23,21,.0355465,-.0165388,2,1980
190,-23,21,.1531007,-.0265388,2,1980
191,-23,32,.6694553,.2134612,3,1980
191,-23,32,1.297553,.0134612,3,1980
191,-23,32,2.501543,.0967945,3,1980
191,-22,32,.6694553,.2134612,3,1980
191,-22,32,1.297553,.0134612,3,1980
191,-22,32,2.501543,.0967945,3,1980
192,15,3,-1.623334,-.0565388,2,1980
192,15,3,-.8184388,-.0490388,2,1980
193,-14,-9,-.4682024,-.0365388,2,1980
193,-14,-9,-.2898076,-.0365388,2,1980
194,22,-3,-1.022412,-.0698388,2,1980
194,22,-3,-.312494,-.0365388,2,1980
195,5,5,-2.029299,.0134612,2,1980
195,5,5,-.4465396,.0134612,2,1980
196,-19,16,-.203872,-.0265388,2,1980
196,-19,16,.7143133,.0234612,2,1980
197,-20,11,-.1728299,-.0365388,2,1980
197,-20,11,.9784095,.0084612,2,1980
197,-20,12,-.1728299,-.0365388,2,1980
197,-20,12,.9784095,.0084612,2,1980
197,-19,11,-.1728299,-.0365388,2,1980
197,-19,11,.9784095,.0084612,2,1980
197,-19,12,-.1728299,-.0365388,2,1980
197,-19,12,.9784095,.0084612,2,1980
198,19,-16,-1.330409,-.0698388,2,1980
198,19,-16,-.2088373,-.0090388,2,1980
199,-17,-1,.3255804,.0134612,3,1980
199,-17,-1,.8350875,.0134612,3,1980
199,-17,-1,.8938892,.0264612,3,1980
200,-20,28,-.4889314,.0134612,2,1980
200,-20,28,-.0061662,.0134612,2,1980
201,22,-15,-.5996373,-.0115388,2,1980
201,22,-15,-.315758,.0134612,2,1980
202,9,-12,-1.244072,-.0490388,2,1980
202,9,-12,-.8748109,-.0698388,2,1980
203,14,9,-1.262367,-.0390388,2,1980
203,14,9,-.9863555,.0134612,2,1980
204,4,4,-1.417998,-.0490388,2,1980
204,4,4,-1.235834,-.0490388,2,1980
205,-5,7,.6652834,.0384612,3,1980
205,-5,7,.8716438,.0384612,3,1980
205,-5,7,2.306428,.0634612,3,1980
205,-4,7,.6652834,.0384612,3,1980
205,-4,7,.8716438,.0384612,3,1980
205,-4,7,2.306428,.0634612,3,1980
206,-13,12,-.0453012,.0784612,2,1980
206,-13,12,1.457036,-.0365388,2,1980
207,-15,12,-.0403249,-.0115388,2,1980
207,-15,12,.4426806,.0134612,2,1980
208,14,4,.724045,-.0065388,3,1980
208,14,4,.8952925,-.0065388,3,1980
208,14,4,.9069107,.0034612,3,1980
209,-19,11,-.9014642,-.0115388,2,1980
209,-19,11,-.3157575,.0134612,2,1980
209,-19,12,-.9014642,-.0115388,2,1980
209,-19,12,-.3157575,.0134612,2,1980
210,-16,15,-1.9055,-.0365388,2,1980
210,-16,15,-1.597575,-.0490388,2,1980
211,5,6,-1.446978,-.0490388,2,1980
211,5,6,-1.250657,-.0490388,2,1980
211,6,6,-1.446978,-.0490388,2,1980
211,6,6,-1.250657,-.0490388,2,1980
212,-4,7,-.1775992,.0134612,2,1980
212,-4,7,.6441691,.0434612,2,1980
213,-4,7,1.612032,.0134612,2,1980
213,-4,7,2.327845,.0434612,2,1980
214,-4,7,.9006345,.0134612,2,1980
214,-4,7,1.944407,.0434612,2,1980
215,-4,7,.8016341,-.0115388,4,1980
215,-4,7,1.805023,.0434612,4,1980
215,-4,7,2.700539,.0534612,4,1980
215,-4,7,2.753839,.0434612,4,1980
216,-4,7,-.0430019,.0434612,4,1980
216,-4,7,.6866853,-.0115388,4,1980
216,-4,7,.7806013,.0434612,4,1980
216,-4,7,2.234894,.0384612,4,1980
217,-4,7,-.2114127,.0134612,3,1980
217,-4,7,-.0430019,.0434612,3,1980
217,-4,7,.8484547,.0134612,3,1980
218,-12,8,-.2857583,.0134612,2,1980
218,-12,8,-.1943629,-.0165388,2,1980
219,-12,8,-.2857583,.0134612,2,1980
219,-12,8,-.1342223,-.0165388,2,1980
220,-14,9,-.2056968,-.0115388,2,1980
220,-14,9,.4314725,.0234612,2,1980
221,-12,-12,-1.35744,-.0015388,2,1980
221,-12,-12,-.7483294,-.0698388,2,1980
222,13,10,-.9729931,-.0065388,2,1980
222,13,10,-.2523634,.0134612,2,1980
223,-21,13,.154175,.0134612,3,1980
223,-21,13,.2083552,-.0015388,3,1980
223,-21,13,.2580311,.0134612,3,1980
223,-21,14,.154175,.0134612,3,1980
223,-21,14,.2083552,-.0015388,3,1980
223,-21,14,.2580311,.0134612,3,1980
223,-20,13,.154175,.0134612,3,1980
223,-20,13,.2083552,-.0015388,3,1980
223,-20,13,.2580311,.0134612,3,1980
223,-20,14,.154175,.0134612,3,1980
223,-20,14,.2083552,-.0015388,3,1980
223,-20,14,.2580311,.0134612,3,1980
224,-18,23,.2525675,.0134612,2,1980
224,-18,23,.4861372,.0134612,2,1980
225,-18,23,.252568,.0134612,2,1980
225,-18,23,.3322055,.0134612,2,1980
226,-21,27,-1.036337,.0134612,4,1980
226,-21,27,-.3280551,.0034612,4,1980
226,-21,27,.6441691,.0159612,4,1980
226,-21,27,1.000994,.0134612,4,1980
227,-21,27,-1.036337,.0134612,6,1980
227,-21,27,-.079653,.0134612,6,1980
227,-21,27,.089052,.0634612,6,1980
227,-21,27,.6441691,.0159612,6,1980
227,-21,27,.6919415,-.0115388,6,1980
227,-21,27,1.000994,.0134612,6,1980
228,-23,32,.6605518,.0134612,3,1980
228,-23,32,1.041103,.0134612,3,1980
228,-23,32,1.178627,.0334612,3,1980
229,-11,8,.6195042,.0967612,2,1980
229,-11,8,1.024586,.0134612,2,1980
230,-1,7,-.0378325,.0234612,3,1980
230,-1,7,.1501906,-.0115388,3,1980
230,-1,7,1.226475,-.0065388,3,1980
231,-4,7,-1.45184,-.0365388,3,1980
231,-4,7,-1.35744,-.0365388,3,1980
231,-4,7,-1.023343,-.0490388,3,1980
232,-15,12,.4065983,.0165576,3,1981
232,-15,12,.680638,.0185576,3,1981
232,-15,12,1.75686,-.0284424,3,1981
233,-14,18,-.542784,-.0084424,2,1981
233,-14,18,-.4898951,-.0234424,2,1981
234,-18,23,.1925838,-.0084424,2,1981
234,-18,23,.2637517,.0165576,2,1981
235,-20,27,1.267866,.0265576,4,1981
235,-20,27,1.66168,-.0284424,4,1981
235,-20,27,1.835491,.0041576,4,1981
235,-20,27,1.985293,.0190576,4,1981
236,-13,-14,-.188298,.0165576,3,1981
236,-13,-14,-.0740645,-.0334424,3,1981
236,-13,-14,.1018068,.0165576,3,1981
237,18,-15,-.61391,-.0459424,2,1981
237,18,-15,-.185128,-.0334424,2,1981
238,-13,-6,-.0099237,-.0084424,3,1981
238,-13,-6,.1345241,-.0134424,3,1981
238,-13,-6,.3995678,.0185576,3,1981
238,-13,-5,-.0099237,-.0084424,3,1981
238,-13,-5,.1345241,-.0134424,3,1981
238,-13,-5,.3995678,.0185576,3,1981
239,-13,-5,-.0800665,.0185576,2,1981
239,-13,-5,-.0099237,-.0084424,2,1981
240,-8,7,-.3025377,-.0134424,2,1981
240,-8,7,.3056929,.0165576,2,1981
241,-16,18,.0531289,-.0134424,3,1981
241,-16,18,.0728852,-.0134424,3,1981
241,-16,18,.3033654,-.0084424,3,1981
241,-15,18,.0531289,-.0134424,3,1981
241,-15,18,.0728852,-.0134424,3,1981
241,-15,18,.3033654,-.0084424,3,1981
242,-18,23,.0581047,-.0084424,2,1981
242,-18,23,.303365,-.0084424,2,1981
243,-16,18,.0581047,-.0084424,3,1981
243,-16,18,.303365,-.0084424,3,1981
243,-16,18,.7525613,-.0134424,3,1981
243,-15,18,.0581047,-.0084424,3,1981
243,-15,18,.303365,-.0084424,3,1981
243,-15,18,.7525613,-.0134424,3,1981
244,15,-12,-.9106215,-.0459424,2,1981
244,15,-12,-.1252892,-.0084424,2,1981
245,14,-12,-.9106215,-.0459424,2,1981
245,14,-12,-.33018,-.0334424,2,1981
246,16,-8,-1.326128,-.0459424,4,1981
246,16,-8,-1.306508,-.0667424,4,1981
246,16,-8,-.9106215,-.0459424,4,1981
246,16,-8,-.5889109,-.0667757,4,1981
247,9,8,-1.035834,-.0334424,2,1981
247,9,8,-.2127808,.0165576,2,1981
248,-15,-5,.4578087,.0165576,2,1981
248,-15,-5,.5559976,-.0234424,2,1981
249,-9,9,.9975373,.0215576,2,1981
249,-9,9,1.255457,.0665576,2,1981
250,-10,10,.2827813,.0215576,2,1981
250,-10,10,.62871,.0315576,2,1981
250,-10,11,.2827813,.0215576,2,1981
250,-10,11,.62871,.0315576,2,1981
251,-10,13,-1.300697,-.0134424,2,1981
251,-10,13,-.2205651,-.0134424,2,1981
252,-21,24,-.2337687,-.0084424,2,1981
252,-21,24,.3786065,.0165576,2,1981
252,-21,25,-.2337687,-.0084424,2,1981
252,-21,25,.3786065,.0165576,2,1981
252,-20,24,-.2337687,-.0084424,2,1981
252,-20,24,.3786065,.0165576,2,1981
252,-20,25,-.2337687,-.0084424,2,1981
252,-20,25,.3786065,.0165576,2,1981
253,-21,27,.1772806,.0165576,2,1981
253,-21,27,1.675563,.0365576,2,1981
253,-20,27,.1772806,.0165576,2,1981
253,-20,27,1.675563,.0365576,2,1981
254,-6,8,.1807115,.0665576,2,1981
254,-6,8,.496969,-.0084424,2,1981
255,5,6,-1.973224,.0215576,3,1981
255,5,6,-1.07676,-.0459424,3,1981
255,5,6,-.9058211,-.0334424,3,1981
256,23,-14,-.474633,-.0667424,3,1981
256,23,-14,-.2131904,.0290576,3,1981
256,23,-14,.3932917,.0165576,3,1981
257,23,-14,-.474633,-.0667424,3,1981
257,23,-14,-.2131904,.0290576,3,1981
257,23,-14,.3377678,.0165576,3,1981
258,23,-14,-.8119996,.0290576,3,1981
258,23,-14,.0400669,-.0209424,3,1981
258,23,-14,.4687726,.0165576,3,1981
259,-15,6,.1869761,-.0034424,2,1981
259,-15,6,.4241712,-.0034424,2,1981
260,-3,-4,.0470373,-.0234424,2,1981
260,-3,-4,2.124718,.0035576,2,1981
261,-20,28,-.3591407,.0195576,4,1981
261,-20,28,-.098594,.0115576,4,1981
261,-20,28,.1187422,.0065576,4,1981
261,-20,28,.1306846,.0165576,4,1981
262,-6,8,.2964055,.0365576,3,1981
262,-6,8,.7265422,-.0034424,3,1981
262,-6,8,.7315237,.0165576,3,1981
263,-15,-5,-.1275008,-.0084424,2,1981
263,-15,-5,.53639,-.0084424,2,1981
264,-10,13,-.414243,.0165576,3,1981
264,-10,13,.0832708,-.0084424,3,1981
264,-10,13,.3596284,.0165576,3,1981
265,-12,11,-.2131904,.0290576,3,1981
265,-12,11,.3303735,.0165576,3,1981
265,-12,11,.4019653,.0415576,3,1981
266,-13,12,-.2131904,.0290576,3,1981
266,-13,12,.0592291,-.0667424,3,1981
266,-13,12,.3303735,.0165576,3,1981
267,19,-14,-1.34453,.0165576,2,1981
267,19,-14,-.3572934,-.0334424,2,1981
268,17,6,-1.324914,-.1084424,2,1981
268,17,6,-.9422453,-.0667757,2,1981
268,17,7,-1.324914,-.1084424,2,1981
268,17,7,-.9422453,-.0667757,2,1981
269,6,-3,-1.669338,-.0434424,2,1981
269,6,-3,-1.250087,-.0534424,2,1981
270,6,-3,-1.232223,-.0434424,2,1981
270,6,-3,-.2196014,-.0334424,2,1981
271,6,-3,-1.669337,-.0434424,2,1981
271,6,-3,-1.250087,-.0534424,2,1981
272,6,-3,-.9290836,-.0434424,3,1981
272,6,-3,-.6462539,.1165576,3,1981
272,6,-3,.0592291,-.0284424,3,1981
273,-9,13,-1.246488,-.0134424,2,1981
273,-9,13,.0701019,-.0134424,2,1981
274,-12,9,1.013924,.0265576,2,1981
274,-12,9,1.260343,.0695576,2,1981
275,-3,1,.4897496,.0265576,2,1981
275,-3,1,.7219536,.0165576,2,1981
276,-15,22,-.6075948,.0065576,6,1981
276,-15,22,.0713222,-.0084424,6,1981
276,-15,22,.2247989,-.0334424,6,1981
276,-15,22,.2652118,.0165576,6,1981
276,-15,22,.2795164,-.0134424,6,1981
276,-15,22,.51918,.0165576,6,1981
277,6,7,-1.558515,-.0459424,2,1981
277,6,7,-1.134814,-.0334424,2,1981
278,4,6,-1.582912,-.0459424,3,1981
278,4,6,-1.352436,.0165576,3,1981
278,4,6,-.847801,-.0334424,3,1981
279,3,8,-1.304469,-.0459424,2,1981
279,3,8,-1.134814,-.0334424,2,1981
280,-18,15,.2394626,-.0084424,2,1981
280,-18,15,1.073003,.0375576,2,1981
280,-18,16,.2394626,-.0084424,2,1981
280,-18,16,1.073003,.0375576,2,1981
281,-14,17,-.6027783,-.0134424,2,1981
281,-14,17,-.0595553,-.0209424,2,1981
282,-14,17,-.7500709,-.0209424,2,1981
282,-14,17,-.6530955,-.0134424,2,1981
283,-15,6,-4.88554,-.0667424,2,1981
283,-15,6,-2.249508,-.0634424,2,1981
284,-15,12,.2394626,-.0084424,2,1981
284,-15,12,1.073003,.0375576,2,1981
285,-13,-4,.4214585,.0265576,2,1981
285,-13,-4,.4701712,.0265576,2,1981
286,-13,-4,.1637289,.0195576,2,1981
286,-13,-4,.4701712,.0265576,2,1981
287,-17,19,.3596871,.0415576,2,1981
287,-17,19,.5782253,.0165576,2,1981
288,6,-2,-1.673321,-.0667424,3,1981
288,6,-2,-1.313861,-.0134424,3,1981
288,6,-2,-.6639994,-.0334424,3,1981
289,6,-2,-2.207128,-.0334424,2,1981
289,6,-2,-.7249382,-.0459424,2,1981
290,5,-3,-.6739014,.0165576,2,1981
290,5,-3,.0409252,.0165576,2,1981
291,5,-2,1.094005,.0165576,2,1981
291,5,-2,1.673057,.0665576,2,1981
292,-9,-13,-1.749991,-.0667424,3,1981
292,-9,-13,-.3974512,-.0184424,3,1981
292,-9,-13,-.2601431,.0165576,3,1981
293,-10,-13,-.9599612,-.0284424,2,1981
293,-10,-13,-.2601431,.0165576,2,1981
294,-6,1,.2394626,.1665576,2,1981
294,-6,1,2.637397,.0265576,2,1981
294,-6,2,.2394626,.1665576,2,1981
294,-6,2,2.637397,.0265576,2,1981
295,-6,2,.7087333,.1165576,2,1981
295,-6,2,2.806598,.0265576,2,1981
296,-19,12,.4412291,-.0134424,2,1981
296,-19,12,.5828239,-.0134424,2,1981
297,-19,15,-.1359394,-.0034424,2,1981
297,-19,15,.7112271,.0365576,2,1981
298,-21,16,.0168078,-.0134424,2,1981
298,-21,16,.0533893,-.0334424,2,1981
299,-12,16,-.6371673,-.0234424,2,1981
299,-12,16,-.3824685,-.0204424,2,1981
300,-23,20,.347399,.0065576,2,1981
300,-23,20,.7522847,-.0034424,2,1981
301,-21,26,.0707333,-.0234424,2,1981
301,-21,26,.2631333,-.0134424,2,1981
302,-19,18,-.237376,.0365576,4,1981
302,-19,18,.5266463,.0265576,4,1981
302,-19,18,.5979449,.0465576,4,1981
302,-19,18,.7211406,.0265576,4,1981
303,2,7,-1.046922,-.0459424,2,1981
303,2,7,-.6824706,-.0334424,2,1981
304,-15,-6,.0082175,.0165576,2,1981
304,-15,-6,.8405935,.0465576,2,1981
305,-15,10,.5625312,.0165576,2,1981
305,-15,10,.913089,.0365576,2,1981
306,-18,22,.7624285,.0165576,2,1981
306,-18,22,1.415737,.0265576,2,1981
306,-18,23,.7624285,.0165576,2,1981
306,-18,23,1.415737,.0265576,2,1981
307,-9,1,.0131437,.0065576,2,1981
307,-9,1,.1068952,.0165576,2,1981
308,-12,5,.2259948,.0332576,2,1981
308,-12,5,.8448808,.0588576,2,1981
309,18,-15,-1.088632,-.0384424,2,1981
309,18,-15,-.2885616,.0165576,2,1981
310,-19,12,.6014788,.0065576,3,1981
310,-19,12,.6926882,.0465576,3,1981
310,-19,12,.7724592,.0065576,3,1981
311,-10,-13,-.9142755,-.0334424,2,1981
311,-10,-13,-.2753599,-.0667424,2,1981
312,11,-10,-3.650859,-.1084424,2,1981
312,11,-10,-.2885616,-.0334424,2,1981
313,-12,-4,.4607255,.0215576,2,1981
313,-12,-4,.492017,.0465576,2,1981
314,-10,-3,.2446076,.0265576,3,1981
314,-10,-3,.4356639,.0415576,3,1981
314,-10,-3,.6951758,.0165576,3,1981
314,-10,-2,.2446076,.0265576,3,1981
314,-10,-2,.4356639,.0415576,3,1981
314,-10,-2,.6951758,.0165576,3,1981
315,-5,4,.5081121,.0665576,2,1981
315,-5,4,.7530934,.0265576,2,1981
316,-18,6,.4129603,.0265576,2,1981
316,-18,6,1.605738,.0165576,2,1981
316,-18,7,.4129603,.0265576,2,1981
316,-18,7,1.605738,.0165576,2,1981
317,-15,13,.2507097,.0265576,2,1981
317,-15,13,.6919162,.0665576,2,1981
318,-21,13,-1.032838,.0165576,3,1981
318,-21,13,-.6438177,-.0134424,3,1981
318,-21,13,-.5875176,-.0134424,3,1981
319,-19,16,.6926882,.0465576,2,1981
319,-19,16,1.212936,-.0134424,2,1981
319,-19,17,.6926882,.0465576,2,1981
319,-19,17,1.212936,-.0134424,2,1981
320,2,7,-.9423688,-.0334424,2,1981
320,2,7,-.9005807,-.0334424,2,1981
321,-12,9,.6926882,.0465576,2,1981
321,-12,9,1.212935,-.0134424,2,1981
322,-6,1,2.087421,-.0173808,2,1982
322,-6,1,2.122327,-.0273808,2,1982
323,-13,-3,-1.089288,-.0606808,3,1982
323,-13,-3,-.4011589,-.0273808,3,1982
323,-13,-3,.1562995,.0026192,3,1982
324,-17,13,.4503626,.0726192,2,1982
324,-17,13,.6172399,.0301192,2,1982
325,-18,9,-1.069681,-.0373808,2,1982
325,-18,9,.2667712,-.0073808,2,1982
326,-14,12,.2894701,-.0023808,2,1982
326,-14,12,.7007274,.0276192,2,1982
327,7,7,.9169011,.0436192,2,1982
327,7,7,1.070859,-.0013808,2,1982
328,-14,14,-.8922439,-.0398808,2,1982
328,-14,14,.5367526,.0226192,2,1982
329,21,-14,.10366,-.0173808,2,1982
329,21,-14,.4005546,.0226192,2,1982
330,16,-11,-.1706768,.0226192,2,1982
330,16,-11,.0088019,-.0398808,2,1982
331,21,12,-2.670856,-.1023808,3,1982
331,21,12,-2.279814,-.1023808,3,1982
331,21,12,-1.784208,-.0607141,3,1982
332,-16,7,-2.670856,-.1023808,2,1982
332,-16,7,-1.784208,-.0606808,2,1982
333,5,6,-1.453483,-.0273808,2,1982
333,5,6,-.6664863,-.0398808,2,1982
334,-16,4,.5159234,.1126192,2,1982
334,-16,4,.9718918,.0026192,2,1982
335,-18,7,-.3457452,-.0273808,5,1982
335,-18,7,.0240187,-.0273808,5,1982
335,-18,7,.4038567,.0226192,5,1982
335,-18,7,.6882791,.0726192,5,1982
335,-18,7,1.668133,-.0273808,5,1982
336,-10,-4,-.4024402,-.0273808,7,1982
336,-10,-4,.0585503,-.0273808,7,1982
336,-10,-4,.3583387,.0326192,7,1982
336,-10,-4,1.178,.0226192,7,1982
336,-10,-4,1.217181,.0726192,7,1982
336,-10,-4,1.655207,.0726192,7,1982
336,-10,-4,2.010324,.1226192,7,1982
337,15,-11,-.5847049,-.0473808,2,1982
337,15,-11,-.3954774,-.0223808,2,1982
338,7,-6,-.5443116,-.0148808,2,1982
338,7,-6,-.3978897,-.0398808,2,1982
339,7,-6,-.9346867,-.0273808,3,1982
339,7,-6,-.5443116,-.0148808,3,1982
339,7,-6,-.3978897,-.0398808,3,1982
340,7,-5,-2.295576,-.0398808,3,1982
340,7,-5,-.9346867,-.0273808,3,1982
340,7,-5,-.5459905,-.0148808,3,1982
341,21,12,-.4272977,-.0606808,2,1982
341,21,12,.7006001,.0226192,2,1982
342,17,-12,-.0235554,.0226192,2,1982
342,17,-12,.9295244,-.0273808,2,1982
343,17,-12,-.4173985,-.0273808,2,1982
343,17,-12,-.0235554,.0226192,2,1982
344,-10,8,-.4272977,.0226192,2,1982
344,-10,8,-.4072061,.0226192,2,1982
345,-21,17,.8471665,.0326192,2,1982
345,-21,17,.9440946,.0226192,2,1982
345,-21,18,.8471665,.0326192,2,1982
345,-21,18,.9440946,.0226192,2,1982
346,-2,6,-.3434406,.0776192,2,1982
346,-2,6,.7212786,.0276192,2,1982
347,-19,18,.5496433,-.0254392,2,1983
347,-19,18,.6975033,.0270608,2,1983
348,-22,19,.1825497,-.0304392,2,1983
348,-22,19,1.019878,-.0004392,2,1983
348,-21,19,.1825497,-.0304392,2,1983
348,-21,19,1.019878,-.0004392,2,1983
349,-22,19,.1825497,-.0304392,2,1983
349,-22,19,1.14123,-.0004392,2,1983
349,-22,20,.1825497,-.0304392,2,1983
349,-22,20,1.14123,-.0004392,2,1983
349,-21,19,.1825497,-.0304392,2,1983
349,-21,19,1.14123,-.0004392,2,1983
349,-21,20,.1825497,-.0304392,2,1983
349,-21,20,1.14123,-.0004392,2,1983
350,-11,-5,.5900404,.0195608,2,1983
350,-11,-5,.8782232,.0245608,2,1983
351,19,-16,-2.508801,.0445608,2,1983
351,19,-16,-.1948297,.0195608,2,1983
352,-2,-1,.1835706,-.0004392,2,1983
352,-2,-1,.4768145,-.0304392,2,1983
353,-1,-4,.1915791,-.0129392,2,1983
353,-1,-4,.8628585,-.0104392,2,1983
354,-18,26,.0459316,-.0204392,2,1983
354,-18,26,.8717825,.0195608,2,1983
354,-18,27,.0459316,-.0204392,2,1983
354,-18,27,.8717825,.0195608,2,1983
355,-15,16,-2.439462,.0745608,2,1983
355,-15,16,-1.894014,.0695608,2,1983
356,7,7,1.119107,.0405608,2,1983
356,7,7,1.264107,-.0044392,2,1983
357,-16,13,.8318722,.0195608,2,1983
357,-16,13,1.375381,.0495608,2,1983
358,20,-14,-.856631,.0195608,2,1983
358,20,-14,-.5101173,-.0404392,2,1983
359,2,8,-.2434671,-.0304392,2,1983
359,2,8,.0257852,-.0429392,2,1983
359,3,8,-.2434671,-.0304392,2,1983
359,3,8,.0257852,-.0429392,2,1983
360,-9,10,-.2631648,-.0304392,2,1983
360,-9,10,.0501993,-.0104392,2,1983
361,7,6,-.0483911,-.0637725,2,1983
361,7,6,-.0247762,-.0304392,2,1983
362,19,-14,-1.640702,-.0637725,2,1983
362,19,-14,.4837372,-.0429392,2,1983
363,-19,25,.9784477,.0245608,2,1983
363,-19,25,1.162887,.0295608,2,1983
364,-20,29,.6544969,-.0154392,2,1983
364,-20,29,1.521783,.0195608,2,1983
365,7,7,.8561041,-.0304392,2,1983
365,7,7,1.184012,-.0204392,2,1983
366,-16,22,.9784477,.0195608,2,1983
366,-16,22,1.166864,.0260608,2,1983
367,-16,22,.9784477,.0195608,2,1983
367,-16,22,1.08057,.0260608,2,1983
368,3,8,-.900563,-.0429392,3,1983
368,3,8,-.6609051,.0195608,3,1983
368,3,8,-.4890292,-.0304392,3,1983
369,20,3,-2.108009,.1839284,2,1984
369,20,3,-1.426051,-.0535716,2,1984
370,22,-14,.0012625,.0339284,2,1984
370,22,-14,.0031122,.0089284,2,1984
371,-14,-5,-.0404683,-.0110716,2,1984
371,-14,-5,1.105514,.0689284,2,1984
372,-12,-4,.8758782,.0190284,2,1984
372,-12,-4,.9637555,.0139284,2,1984
372,-11,-4,.8758782,.0190284,2,1984
372,-11,-4,.9637555,.0139284,2,1984
373,-16,4,-.2970973,-.0100716,2,1984
373,-16,4,.7142237,.0362284,2,1984
374,-16,3,.4612216,-.0000716,2,1984
374,-16,3,.8946542,.0474284,2,1984
374,-16,4,.4612216,-.0000716,2,1984
374,-16,4,.8946542,.0474284,2,1984
375,16,-7,-1.032522,-.0535716,4,1984
375,16,-7,-.0414268,.0189284,4,1984
375,16,-7,-.0023576,.0140284,4,1984
375,16,-7,.5247239,.0189284,4,1984
376,-14,6,-.0414268,.0089284,2,1984
376,-14,6,.3683318,-.0110716,2,1984
377,-10,10,.4121007,.0089284,2,1984
377,-10,10,.6275367,-.0310716,2,1984
378,-19,12,.0065321,.0089284,2,1984
378,-19,12,.1742681,-.0210716,2,1984
379,-16,16,-.0028774,.0589284,4,1984
379,-16,16,.1685151,-.0310716,4,1984
379,-16,16,.2906107,.0189284,4,1984
379,-16,16,.5021595,.0589284,4,1984
380,-10,-13,.2762221,-.0160716,2,1984
380,-10,-13,.5656437,.0266284,2,1984
381,-12,12,.0420016,.0089284,2,1984
381,-12,12,.6398352,.0239284,2,1984
382,-9,4,-.5487229,-.0410716,2,1984
382,-9,4,-.4936157,-.0010716,2,1984
383,-11,-9,-.0494796,-.0160716,4,1984
383,-11,-9,.3477029,.0189284,4,1984
383,-11,-9,.4940971,.0089284,4,1984
383,-11,-9,.4988497,.0100284,4,1984
384,-13,10,.2713507,.0189284,2,1984
384,-13,10,.5970138,-.0210716,2,1984
385,-13,10,.5222243,.0189284,2,1984
385,-13,10,.6949977,-.0210716,2,1984
386,-13,10,.379361,.0189284,2,1984
386,-13,10,.8260301,-.0210716,2,1984
387,-16,23,.3729414,.0139284,2,1984
387,-16,23,.6299237,.0089284,2,1984
388,-19,16,.6348919,.0089284,2,1984
388,-19,16,.7778085,-.0160716,2,1984
388,-19,17,.6348919,.0089284,2,1984
388,-19,17,.7778085,-.0160716,2,1984
389,4,6,-1.419706,-.0535716,2,1984
389,4,6,-1.3913,-.0535716,2,1984
390,18,1,-.5556236,-.017412,2,1985
390,18,1,.0015721,.022588,2,1985
391,-11,-3,.8822622,.022588,2,1985
391,-11,-3,1.934045,.047588,2,1985
392,-14,-15,-.3344279,-.005212,2,1985
392,-14,-15,-.1577874,.032588,2,1985
393,-13,12,.1285481,-.027412,2,1985
393,-13,12,.5330643,-.027412,2,1985
393,-13,13,.1285481,-.027412,2,1985
393,-13,13,.5330643,-.027412,2,1985
394,20,3,-1.249246,.022588,2,1985
394,20,3,-.6998296,.022588,2,1985
395,6,7,-2.148749,-.039912,2,1985
395,6,7,-1.249246,-.027412,2,1985
396,-21,23,-.0223914,.000088,2,1985
396,-21,23,.7039136,.023588,2,1985
396,-21,24,-.0223914,.000088,2,1985
396,-21,24,.7039136,.023588,2,1985
396,-20,23,-.0223914,.000088,2,1985
396,-20,23,.7039136,.023588,2,1985
396,-20,24,-.0223914,.000088,2,1985
396,-20,24,.7039136,.023588,2,1985
397,15,3,.5528297,.027588,2,1985
397,15,3,1.055045,-.060712,2,1985
398,5,6,-1.229664,.022588,2,1985
398,5,6,-1.191616,-.060712,2,1985
399,-14,-15,-.0648842,.024588,2,1985
399,-14,-15,-.0510264,.037588,2,1985
400,-8,7,.2534589,.027588,2,1985
400,-8,7,.8269023,.027588,2,1985
401,-15,11,-2.15437,-.102412,2,1985
401,-15,11,-1.88724,-.039912,2,1985
402,-8,-7,-.1639462,.022588,2,1985
402,-8,-7,.3453531,.002588,2,1985
403,-8,-7,-.1639462,.022588,2,1985
403,-8,-7,.3453531,.002588,2,1985
403,-7,-7,-.1639462,.022588,2,1985
403,-7,-7,.3453531,.002588,2,1985
404,-16,-3,-.3426276,-.027412,2,1985
404,-16,-3,.3593568,-.002412,2,1985
405,-8,-7,.4473209,.002588,2,1985
405,-8,-7,.5269451,.022588,2,1985
406,-17,23,-.1564961,.022588,3,1985
406,-17,23,.2389182,-.002412,3,1985
406,-17,23,.5445585,-.025412,3,1985
407,-21,22,.8692788,.035088,2,1985
407,-21,22,1.235138,.037588,2,1985
408,-9,-13,-.1877484,-.0127333,3,1986
408,-9,-13,.5736051,.0372667,3,1986
408,-9,-13,.7944842,.0172667,3,1986
409,5,6,-1.780008,-.0252333,3,1986
409,5,6,-1.284389,-.0460666,3,1986
409,5,6,-.1184806,-.0100333,3,1986
410,5,6,-.2867032,-.0194931,4,1987
410,5,6,-.274406,.0305069,4,1987
410,5,6,-.2504454,-.0194931,4,1987
410,5,6,-.0769897,-.0319931,4,1987
411,19,-14,-.6866727,-.0094931,3,1987
411,19,-14,-.4048763,-.0294931,3,1987
411,19,-14,-.1941934,-.0494931,3,1987
412,-11,-9,.5020365,.0005069,2,1987
412,-11,-9,.9429249,.0305069,2,1987
413,-14,-5,.7058486,.0305069,2,1987
413,-14,-5,.8034181,-.0194931,2,1987
414,-20,15,.0978922,-.0044931,2,1987
414,-20,15,.4896373,.0005069,2,1987
415,8,7,-.5913025,.0305069,2,1987
415,8,7,-.2859083,-.0194931,2,1987
416,18,-14,-.9998828,-.0528264,2,1987
416,18,-14,.1791519,-.0194931,2,1987
417,21,-16,-1.35158,-.0528264,2,1987
417,21,-16,-.9999796,-.0528264,2,1987
418,14,10,-.5805445,-.0294931,2,1987
418,14,10,-.524056,-.0044931,2,1987
418,14,11,-.5805445,-.0294931,2,1987
418,14,11,-.524056,-.0044931,2,1987
419,-17,10,-1.511,.0305069,2,1987
419,-17,10,-1.272331,.0405069,2,1987
420,-18,26,.0824804,.0055069,3,1987
420,-18,26,.6530609,.0055069,3,1987
420,-18,26,1.035514,.0355069,3,1987
421,-15,2,.7736143,-.0194931,2,1987
421,-15,2,.7736143,-.0007431,2,1987
421,-15,3,.7736143,-.0194931,2,1987
421,-15,3,.7736143,-.0007431,2,1987
421,-14,2,.7736143,-.0194931,2,1987
421,-14,2,.7736143,-.0007431,2,1987
421,-14,3,.7736143,-.0194931,2,1987
421,-14,3,.7736143,-.0007431,2,1987
422,-12,12,.8535022,.0555069,2,1987
422,-12,12,1.214713,.043507,2,1987
423,20,-16,.0824804,.0305069,2,1987
423,20,-16,.3986272,-.0194931,2,1987
424,20,-10,-1.246998,-.0484902,2,1988
424,20,-10,-.581302,-.0151569,2,1988
425,-15,22,.51816,.0108431,3,1988
425,-15,22,.5837881,.0148431,3,1988
425,-15,22,.865555,.0048431,3,1988
425,-15,23,.51816,.0108431,3,1988
425,-15,23,.5837881,.0148431,3,1988
425,-15,23,.865555,.0048431,3,1988
426,-15,22,.3391564,.0048431,2,1988
426,-15,22,.4793265,.0148431,2,1988
426,-15,23,.3391564,.0048431,2,1988
426,-15,23,.4793265,.0148431,2,1988
427,-19,15,-.4866431,-.0151569,3,1988
427,-19,15,-.1779607,-.0051569,3,1988
427,-19,15,1.289854,-.0051569,3,1988
428,-2,5,-.5161975,-.0151569,3,1988
428,-2,5,-.4033168,-.0276569,3,1988
428,-2,5,-.207156,.0498431,3,1988
429,-19,24,-.1634458,.0248431,2,1988
429,-19,24,-.0503614,.0048431,2,1988
430,4,6,-.83783,.0170778,2,1989
430,4,6,-.83783,.0270778,2,1989
431,-9,-13,-.1510767,-.0329222,3,1989
431,-9,-13,-.1038379,.0170778,3,1989
431,-9,-13,.7809859,-.0329222,3,1989
432,-22,31,.1495948,.0170778,2,1989
432,-22,31,.2611175,.0170778,2,1989
433,-22,31,.1495948,.0170778,2,1989
433,-22,31,.2611175,.0170778,2,1989
434,-17,7,-.635323,.0320778,2,1989
434,-17,7,.5440484,.0246778,2,1989
435,-20,29,-.1771187,-.0279222,2,1989
435,-20,29,-.0646681,-.0279222,2,1989
436,-11,4,-.3151583,-.0079222,2,1989
436,-11,4,.4503127,-.0079222,2,1989
437,-17,15,-.249179,-.0226833,2,1990
437,-17,15,-.190064,.0073167,2,1990
437,-17,16,-.249179,-.0226833,2,1990
437,-17,16,-.190064,.0073167,2,1990
438,-17,16,.275649,-.0026833,2,1990
438,-17,16,.3339657,.0073167,2,1990
439,-20,17,-.148831,-.0126833,2,1990
439,-20,17,.238954,-.0226833,2,1990
440,14,-8,-.3938838,-.0126833,2,1990
440,14,-8,-.2345258,.0273167,2,1990
441,10,11,-1.827774,-.0560166,2,1990
441,10,11,-1.128125,-.0526833,2,1990
442,-19,24,-.0512343,-.0226833,2,1990
442,-19,24,.2336988,.0273167,2,1990
442,-18,24,-.0512343,-.0226833,2,1990
442,-18,24,.2336988,.0273167,2,1990
443,-15,-5,.072636,.0093167,2,1990
443,-15,-5,.4998721,.0273167,2,1990
443,-14,-5,.072636,.0093167,2,1990
443,-14,-5,.4998721,.0273167,2,1990
444,-18,24,.0430769,-.0026833,2,1990
444,-18,24,.6528468,.0173167,2,1990
444,-18,25,.0430769,-.0026833,2,1990
444,-18,25,.6528468,.0173167,2,1990
445,17,-8,.0981344,.0273167,2,1990
445,17,-8,.2198676,.0273167,2,1990
446,-9,4,.5335073,.0023167,2,1990
446,-9,4,1.021408,.0273167,2,1990
447,-12,-5,-.071613,.017,2,1991
447,-12,-5,.1332143,.002,2,1991
448,-17,22,-.839275,-.008,2,1991
448,-17,22,-.3143579,-.018,2,1991
448,-17,23,-.839275,-.008,2,1991
448,-17,23,-.3143579,-.018,2,1991
449,-10,4,.9339389,.012,2,1991
449,-10,4,1.095902,.012,2,1991
450,-12,-4,.0172013,.012,2,1991
450,-12,-4,.2551588,-.003,2,1991
451,4,4,-.8696697,-.00425,2,1992
451,4,4,-.3680995,-.01675,2,1992
452,4,4,-.8696694,-.00425,2,1992
452,4,4,-.3680995,-.01675,2,1992
453,15,-7,.0651943,-.00425,2,1992
453,15,-7,.539788,-.00425,2,1992
454,4,4,-.8696697,-.00425,2,1992
454,4,4,-.3680995,-.01675,2,1992
455,-18,12,1.403585,.04575,2,1992
455,-18,12,1.70474,.02575,2,1992
455,-18,13,1.403585,.04575,2,1992
455,-18,13,1.70474,.02575,2,1992
456,-11,-3,.1531531,-.0208667,2,1993
456,-11,-3,.963277,.0515333,2,1993
457,-14,10,-.6365064,-.0259667,2,1993
457,-14,10,.4704286,.0030333,2,1993
457,-13,10,-.6365064,-.0259667,2,1993
457,-13,10,.4704286,.0030333,2,1993
458,18,-15,.0481273,.0040333,2,1993
458,18,-15,.2755009,.0040333,2,1993
458,18,-14,.0481273,.0040333,2,1993
458,18,-14,.2755009,.0040333,2,1993
459,17,-6,-1.152426,-.0059667,2,1993
459,17,-6,.0506026,.0240333,2,1993
460,-15,3,-.147612,-.0059667,2,1993
460,-15,3,.2152778,-.0009667,2,1993
461,-14,-11,.4291399,.0237,2,1994
461,-14,-11,.5304431,.0117,2,1994
461,-14,-10,.4291399,.0237,2,1994
461,-14,-10,.5304431,.0117,2,1994
461,-13,-11,.4291399,.0237,2,1994
461,-13,-11,.5304431,.0117,2,1994
461,-13,-10,.4291399,.0237,2,1994
461,-13,-10,.5304431,.0117,2,1994
462,16,-7,-.6145226,.0237,2,1994
462,16,-7,-.3371307,-.0013,2,1994
463,-14,-10,.7691354,.0237,2,1994
463,-14,-10,.8016709,.0237,2,1994
464,-13,9,-.2522033,.0242355,3,1995
464,-13,9,.9349262,.0447355,3,1995
464,-13,9,.9949814,.0447355,3,1995
464,-13,10,-.2522033,.0242355,3,1995
464,-13,10,.9349262,.0447355,3,1995
464,-13,10,.9949814,.0447355,3,1995
465,1,-4,-.5330957,.0117355,2,1995
465,1,-4,.6860429,-.0265978,2,1995
465,1,-3,-.5330957,.0117355,2,1995
465,1,-3,.6860429,-.0265978,2,1995
465,2,-4,-.5330957,.0117355,2,1995
465,2,-4,.6860429,-.0265978,2,1995
465,2,-3,-.5330957,.0117355,2,1995
465,2,-3,.6860429,-.0265978,2,1995
466,1,-3,-.4174875,.0117355,3,1995
466,1,-3,.4982773,.0567355,3,1995
466,1,-3,.6860429,-.0265978,3,1995
467,1,-1,-.4174875,.0117355,3,1995
467,1,-1,.0923254,.0317355,3,1995
467,1,-1,.1502272,-.0265978,3,1995
468,-1,-4,-.5558842,.0117355,2,1995
468,-1,-4,.1273419,-.0265978,2,1995
469,-1,-4,-.5330957,.0117355,2,1995
469,-1,-4,.1502272,-.0265978,2,1995
470,-1,-4,-.5330957,.0117355,2,1995
470,-1,-4,.1502272,-.0265978,2,1995
471,-1,-3,-.4174875,.0117355,3,1995
471,-1,-3,.4982778,.0567355,3,1995
471,-1,-3,.6893293,-.0265978,3,1995
472,-1,-3,-.5330957,.0117355,2,1995
472,-1,-3,.6926056,-.0265978,2,1995
473,-2,-3,-.5330957,.0117355,2,1995
473,-2,-3,.6860429,-.0265978,2,1995
473,-1,-3,-.5330957,.0117355,2,1995
473,-1,-3,.6860429,-.0265978,2,1995
474,-1,-3,-.5330957,.0117355,2,1995
474,-1,-3,.7054096,-.0265978,2,1995
475,-1,-1,-.5330957,.0117355,2,1995
475,-1,-1,-.0013436,-.0265978,2,1995
476,-1,-1,-.5330957,.0117355,2,1995
476,-1,-1,-.0013436,-.0265978,2,1995
476,-1,1,-.5330957,.0117355,2,1995
476,-1,1,-.0013436,-.0265978,2,1995
477,-1,1,-.5330957,.0117355,2,1995
477,-1,1,-.0013436,-.0265978,2,1995
478,-1,-4,-.5330957,.0117355,2,1995
478,-1,-4,.1502272,-.0265978,2,1995
479,-1,-4,-.5330957,.0117355,2,1995
479,-1,-4,.1502272,-.0265978,2,1995
480,-1,-3,-.5330957,.0117355,2,1995
480,-1,-3,.6991254,-.0265978,2,1995
481,-1,-2,-.5330957,.0117355,2,1995
481,-1,-2,.1502272,-.0265978,2,1995
482,-1,-1,-.5330957,.0117355,2,1995
482,-1,-1,-.0013436,-.0265978,2,1995
483,1,-3,.8889815,.0135321,2,1996
483,1,-3,1.522971,.0135321,2,1996
484,1,-4,.7221405,.0135321,2,1996
484,1,-4,1.022559,.0135321,2,1996
485,1,-4,.7221405,.0135321,2,1996
485,1,-4,1.022559,.0135321,2,1996
486,1,-3,1.128354,.0135321,2,1996
486,1,-3,1.542345,.0135321,2,1996
487,2,-12,-.5537527,.0135321,2,1996
487,2,-12,1.619262,.0135321,2,1996
487,2,-11,-.5537527,.0135321,2,1996
487,2,-11,1.619262,.0135321,2,1996
488,15,-6,-.9665197,-.0314679,2,1996
488,15,-6,-.5344303,.0135321,2,1996
489,2,-9,-2.559659,-.0698013,2,1996
489,2,-9,-.4237984,.0135321,2,1996
490,1,-9,-1.265313,-.0364679,2,1996
490,1,-9,.1932199,.0135321,2,1996
491,-16,1,-.4068826,-.026468,2,1996
491,-16,1,-.0820907,.0135321,2,1996
492,-18,9,-.1493099,-.0364679,2,1996
492,-18,9,1.608933,-.0364679,2,1996
492,-18,10,-.1493099,-.0364679,2,1996
492,-18,10,1.608933,-.0364679,2,1996
493,-20,28,.0481174,-.011468,2,1996
493,-20,28,.120001,-.011468,2,1996
494,-15,3,-.16026,-.0064679,4,1996
494,-15,3,-.0567835,-.011468,4,1996
494,-15,3,.1586477,-.0364679,4,1996
494,-15,3,.2671601,-.0164679,4,1996
495,15,-12,-.1762684,-.011468,2,1996
495,15,-12,-.0712483,.028532,2,1996
496,-1,1,.1270506,.0135321,2,1996
496,-1,1,.6401393,.0135321,2,1996
497,-3,5,.1270506,.0135321,2,1996
497,-3,5,.6401393,.0135321,2,1996
498,-3,6,.3976066,.0135321,2,1996
498,-3,6,.6401393,.0135321,2,1996
499,-4,5,.1270506,.0135321,2,1996
499,-4,5,.6401393,.0135321,2,1996
500,-3,6,.1270506,.0135321,2,1996
500,-3,6,.6401393,.0135321,2,1996
501,-23,33,-.9065602,-.0364679,3,1996
501,-23,33,-.5800346,-.033468,3,1996
501,-23,33,-.4851878,-.026468,3,1996
502,-23,33,-.9065602,-.0364679,3,1996
502,-23,33,-.5800346,-.033468,3,1996
502,-23,33,-.4851878,-.026468,3,1996
503,-23,33,-.5800346,-.033468,2,1996
503,-23,33,-.4851878,-.026468,2,1996
504,-20,13,.1780545,.0135321,2,1996
504,-20,13,.4486791,.0135321,2,1996
505,-4,7,-.2986739,.028532,3,1996
505,-4,7,.105509,.0135321,3,1996
505,-4,7,.8925659,.014532,3,1996
505,-4,8,-.2986739,.028532,3,1996
505,-4,8,.105509,.0135321,3,1996
505,-4,8,.8925659,.014532,3,1996
506,-4,7,-.2986739,.028532,4,1996
506,-4,7,.105509,.0135321,4,1996
506,-4,7,.8381435,.0135321,4,1996
506,-4,7,1.22437,.014532,4,1996
506,-4,8,-.2986739,.028532,4,1996
506,-4,8,.105509,.0135321,4,1996
506,-4,8,.8381435,.0135321,4,1996
506,-4,8,1.22437,.014532,4,1996
507,-5,10,-.2986739,.028532,4,1996
507,-5,10,-.0544088,.0135321,4,1996
507,-5,10,.105509,.0135321,4,1996
507,-5,10,.8925659,.014532,4,1996
508,-19,15,-.7986944,-.026468,3,1996
508,-19,15,-.3709553,-.026468,3,1996
508,-19,15,.1121366,-.0064679,3,1996
509,-1,-12,-.9683326,.0135321,2,1996
509,-1,-12,-.4111035,-.011468,2,1996
510,-2,-12,-.9781106,.0135321,2,1996
510,-2,-12,-.5718978,.0135321,2,1996
511,-2,-11,-.9781106,.0135321,2,1996
511,-2,-11,-.1813181,.0135321,2,1996
512,-2,-11,-.9781106,.0135321,2,1996
512,-2,-11,-.1813181,.0135321,2,1996
513,-1,-6,.0132768,-.011468,2,1996
513,-1,-6,.1884195,.0135321,2,1996
514,-1,-6,-2.264301,-.011468,2,1996
514,-1,-6,.1884195,.0135321,2,1996
515,-1,-6,.0132768,-.011468,2,1996
515,-1,-6,.1884195,.0135321,2,1996
516,-1,-5,-.0723198,.0135321,3,1996
516,-1,-5,.0132768,-.011468,3,1996
516,-1,-5,.1088283,.0135321,3,1996
517,-1,-5,-.0723198,.0135321,3,1996
517,-1,-5,.0132768,-.011468,3,1996
517,-1,-5,.1088283,.0135321,3,1996
518,-1,-5,-.4111035,-.011468,3,1996
518,-1,-5,-.0723198,.0135321,3,1996
518,-1,-5,.1088283,.0135321,3,1996
519,1,-3,1.470537,.0135321,2,1996
519,1,-3,1.569871,.0135321,2,1996
520,-2,-11,-.2887614,.0135321,3,1996
520,-2,-11,.4000074,.018532,3,1996
520,-2,-11,.6173031,.0135321,3,1996
521,-18,22,-.3926046,-.0244679,3,1996
521,-18,22,.0187308,-.0084679,3,1996
521,-18,22,.1446311,.003532,3,1996
521,-18,23,-.3926046,-.0244679,3,1996
521,-18,23,.0187308,-.0084679,3,1996
521,-18,23,.1446311,.003532,3,1996
521,-17,22,-.3926046,-.0244679,3,1996
521,-17,22,.0187308,-.0084679,3,1996
521,-17,22,.1446311,.003532,3,1996
521,-17,23,-.3926046,-.0244679,3,1996
521,-17,23,.0187308,-.0084679,3,1996
521,-17,23,.1446311,.003532,3,1996
522,-18,22,.0259573,.003532,3,1996
522,-18,22,.0437977,-.0244679,3,1996
522,-18,22,.3281395,-.0004679,3,1996
522,-18,23,.0259573,.003532,3,1996
522,-18,23,.0437977,-.0244679,3,1996
522,-18,23,.3281395,-.0004679,3,1996
522,-17,22,.0259573,.003532,3,1996
522,-17,22,.0437977,-.0244679,3,1996
522,-17,22,.3281395,-.0004679,3,1996
522,-17,23,.0259573,.003532,3,1996
522,-17,23,.0437977,-.0244679,3,1996
522,-17,23,.3281395,-.0004679,3,1996
523,-19,25,-.4316562,-.0164679,2,1996
523,-19,25,-.1991938,-.0139679,2,1996
524,-19,25,-.4316562,-.0164679,2,1996
524,-19,25,-.1991938,-.0139679,2,1996
525,17,-11,-1.579576,-.026468,2,1996
525,17,-11,-1.493718,-.0364679,2,1996
526,-6,3,-1.378004,-.0349012,3,1997
526,-6,3,-.703104,-.0349012,3,1997
526,-6,3,.1123242,.0150988,3,1997
527,-6,1,.4460478,.0150988,2,1997
527,-6,1,.8567286,.0150988,2,1997
527,-6,2,.4460478,.0150988,2,1997
527,-6,2,.8567286,.0150988,2,1997
528,-4,7,-.2993569,-.0099012,2,1997
528,-4,7,-.1552386,.0150988,2,1997
528,-4,8,-.2993569,-.0099012,2,1997
528,-4,8,-.1552386,.0150988,2,1997
529,-1,-7,-.1579313,.0150988,2,1997
529,-1,-7,1.370787,.0150988,2,1997
530,-1,-7,-.1579313,.0150988,2,1997
530,-1,-7,1.370787,.0150988,2,1997
531,-2,-5,-.1579313,.0150988,2,1997
531,-2,-5,.6849113,.0150988,2,1997
532,-15,-7,-.2758207,-.0049012,2,1997
532,-15,-7,.1442375,.0150988,2,1997
532,-15,-6,-.2758207,-.0049012,2,1997
532,-15,-6,.1442375,.0150988,2,1997
533,-13,12,-.5298772,-.0149012,2,1997
533,-13,12,-.3154249,-.0199012,2,1997
533,-13,13,-.5298772,-.0149012,2,1997
533,-13,13,-.3154249,-.0199012,2,1997
534,-1,-7,.0012579,.0150988,2,1997
534,-1,-7,1.026896,.0150988,2,1997
535,-3,7,-1.794129,-.0349012,2,1997
535,-3,7,-.4194007,.0150988,2,1997
536,-20,26,.0174775,-.0049012,2,1997
536,-20,26,.9266539,-.0049012,2,1997
537,-17,10,-.5446129,-.0149012,2,1997
537,-17,10,-.4179831,-.0299012,2,1997
538,-20,18,.1435118,.0150988,2,1997
538,-20,18,1.049342,.0150988,2,1997
539,-19,24,.061059,-.0049012,2,1997
539,-19,24,.3565521,.0163488,2,1997
540,-15,3,.5416183,-.0099012,2,1997
540,-15,3,.8298783,.0150988,2,1997
541,-22,31,-.6639571,-.0099012,2,1997
541,-22,31,-.4179826,.0000988,2,1997
542,-11,-4,-.968164,-.0474012,2,1997
542,-11,-4,.3040786,.0150988,2,1997
543,-21,22,-.9344859,-.0149012,2,1997
543,-21,22,.4876852,-.0149012,2,1997
544,-17,19,-.1763677,.0150988,2,1997
544,-17,19,.3847146,.0150988,2,1997
545,-22,31,-.7779034,-.0119583,5,1998
545,-22,31,-.2908982,.0080417,5,1998
545,-22,31,-.0528997,.0080417,5,1998
545,-22,31,1.071398,.0080417,5,1998
545,-22,31,1.080333,-.0319583,5,1998
546,-2,-6,.1691472,.1330417,3,1998
546,-2,-6,.2718526,.0080417,3,1998
546,-2,-6,1.763655,.0080417,3,1998
547,-20,18,.8771965,-.0119583,2,1998
547,-20,18,1.335092,.0080417,2,1998
548,-15,-6,-1.004562,-.0419583,2,1998
548,-15,-6,-.1631201,.0100417,2,1998
549,-15,-6,-.2831396,.0080417,2,1998
549,-15,-6,-.1294225,.0130417,2,1998
550,-16,13,.0680992,.0180417,2,1998
550,-16,13,.8751122,.0130417,2,1998
551,-2,-6,.0209185,-.0419583,2,1998
551,-2,-6,.0321929,.0080417,2,1998
552,-9,-7,-.1416562,.0080417,2,1998
552,-9,-7,-.0618161,-.0119583,2,1998
553,18,-4,-1.205685,-.0319583,2,1998
553,18,-4,-.5358942,.0080417,2,1998
554,20,-14,-1.920332,-.0419583,2,1998
554,20,-14,-.99767,-.0419583,2,1998
555,-10,3,.4800919,.0190625,2,1999
555,-10,3,.6030868,.0140625,2,1999
556,16,-12,-1.011513,-.0309375,2,1999
556,16,-12,-.5543677,.0090625,2,1999
557,17,-10,-.799833,-.0484375,2,1999
557,17,-10,.5836647,.0090625,2,1999
558,-11,4,.0673564,.0140625,2,1999
558,-11,4,.6315134,.0140625,2,1999
559,-11,-4,.109211,.0019,2,2000
559,-11,-4,.3674975,-.0181,2,2000
560,-1,-4,-.5024952,.0019,2,2000
560,-1,-4,.3813778,.0019,2,2000
561,-1,-4,-.1192321,.0019,2,2000
561,-1,-4,.2667456,.0019,2,2000
562,-22,31,.0061841,.0019,2,2000
562,-22,31,.0750199,.0029,2,2000
563,16,-5,-.3958743,-5.55e-17,2,2001
563,16,-5,.3958743,-5.55e-17,2,2001
564,17,3,-.0393349,.0258333,2,2002
564,17,3,.6240018,.0008333,2,2002
565,-15,24,-.6150863,.0008333,2,2002
565,-15,24,-.0133449,.0008333,2,2002
566,-20,29,-.1506197,.0008333,2,2002
566,-20,29,.1943839,-.0291667,2,2002
567,15,3,-.5238152,.009375,2,2003
567,15,3,-.2039394,.009375,2,2003
568,-19,21,.2674208,-.000625,2,2003
568,-19,21,.4603338,-.018125,2,2003
