win,diffr,diffc
0,-.0333333,52.65585
1,.0333333,-52.65585
0,-.0333333,22.13177
1,.0333333,-22.13177
0,0,-150.6892
1,0,150.6892
0,-.0333333,-336.3586
1,.0333333,336.3586
0,.22,-1221.704
1,-.22,1221.704
0,.0833333,-2287.446
1,-.0833333,2287.446
0,0,-229.669
1,0,229.669
0,.0635,-856.7441
1,-.0635,856.7441
0,0,-1121.842
1,0,1121.842
0,0,-435.8748
1,0,435.8748
0,-.0083333,221.2632
1,.0083333,-221.2632
0,0,-557.1537
1,0,557.1537
0,0,-475.9833
1,0,475.9833
0,-.0433333,-206.3565
1,.0433333,206.3565
0,0,-337.8745
1,0,337.8745
0,-.0433333,-206.3566
1,.0433333,206.3566
0,.0833333,-629.6028
1,-.0833333,629.6028
0,0,-486.531
1,0,486.531
0,0,-164.4525
1,0,164.4525
0,0,-366.2709
1,0,366.2709
0,-.0833333,53.37591
1,.0833333,-53.37591
0,.04,-453.6953
1,-.04,453.6953
0,-.02,-753.9348
1,.02,753.9348
0,.04,-453.6953
1,-.04,453.6953
0,-.02,-753.9348
1,.02,753.9348
0,-.0333333,-448.1152
1,.0333333,448.1152
0,-.0483333,261.0295
1,.0483333,-261.0295
0,-.0833333,-22.63562
1,.0833333,22.63562
0,.05,-464.0616
1,-.05,464.0616
0,-.0275,-304.2131
1,.0275,304.2131
0,-.1333333,-69.67841
1,.1333333,69.67841
0,.135,-4524.583
1,-.135,4524.583
0,-.0833333,154.8139
1,.0833333,-154.8139
0,-.05,106.9622
1,.05,-106.9622
0,-.0533333,92.14224
1,.0533333,-92.14224
0,-.025,-432.6381
1,.025,432.6381
0,-.05,-323.0931
1,.05,323.0931
0,.05,-476.9351
1,-.05,476.9351
0,0,-156.6874
1,0,156.6874
0,-.0333333,-313.1075
1,.0333333,313.1075
0,-.105,-121.0562
1,.105,121.0562
0,-.105,2167.714
1,.105,-2167.714
0,-.005,-161.4916
1,.005,161.4916
0,-.07,-608.6182
1,.07,608.6182
0,-.07,-608.6182
1,.07,608.6182
0,-.0880333,43.24823
1,.0880333,-43.24823
0,.075,-2787.03
1,-.075,2787.03
0,-.02,-340.7763
1,.02,340.7763
0,-.09,261.1396
1,.09,-261.1396
0,.11,-12276.85
1,-.11,12276.85
0,-.19,-7369.798
1,.19,7369.798
0,.27,-14739.59
1,-.27,14739.59
0,0,-119.4925
1,0,119.4925
0,0,-192.8221
1,0,192.8221
0,-.05,281.0442
1,.05,-281.0442
0,-.06,-151.1832
1,.06,151.1832
0,-.055,-784.6924
1,.055,784.6924
0,-.0125,-65.81526
1,.0125,65.81526
0,-.0125,0
1,.0125,0
0,-.0125,-19.22406
1,.0125,19.22406
0,-.0125,0
1,.0125,0
0,.05,-227.0544
1,-.05,227.0544
0,-.0833333,-90.49042
1,.0833333,90.49042
0,-.05,-60.3427
1,.05,60.3427
0,-.05,59.686
1,.05,-59.686
0,-.06,559.1384
1,.06,-559.1384
0,-.0420333,-679.7042
1,.0420333,679.7042
0,-.0333333,-301.0385
1,.0333333,301.0385
0,-.08,-209.5059
1,.08,209.5059
0,-.02,-1200.162
1,.02,1200.162
0,-.02,-1873.573
1,.02,1873.573
0,-.05,-812.965
1,.05,812.965
0,-.03,-353.7935
1,.03,353.7935
0,0,-564.1786
1,0,564.1786
0,0,-204.7088
1,0,204.7088
0,-.1163333,178.7847
1,.1163333,-178.7847
0,.06,-452.0522
1,-.06,452.0522
0,0,-588.1451
1,0,588.1451
0,-.0033333,-164.4307
1,.0033333,164.4307
0,-.0033333,-107.3023
1,.0033333,107.3023
0,.1333333,-181.2617
1,-.1333333,181.2617
0,.0333333,-235.0938
1,-.0333333,235.0938
0,.0000333,-58.96814
1,-.0000333,58.96814
0,-.025,-139.0758
1,.025,139.0758
0,-.075,216.9583
1,.075,-216.9583
0,-.05,281.3231
1,.05,-281.3231
0,-.02,-166.8909
1,.02,166.8909
0,-.07,-83.4455
1,.07,83.4455
0,.208,-1980.44
1,-.208,1980.44
0,.018,-2013.818
1,-.018,2013.818
0,.0000333,-13.90662
1,-.0000333,13.90662
0,-.025,-391.1649
1,.025,391.1649
0,-.02,-189.1298
1,.02,189.1298
0,.006,-126.1051
1,-.006,126.1051
0,-.015,75.81885
1,.015,-75.81885
0,-.046,-435.561
1,.046,435.561
0,.0208,-32.81949
1,-.0208,32.81949
0,-.015,-140.8741
1,.015,140.8741
0,-.03,13.48932
1,.03,-13.48932
0,.01,-386.9374
1,-.01,386.9374
0,-.0333,205.519
1,.0333,-205.519
0,-.027,-3063.063
1,.027,3063.063
0,.028,-2593.526
1,-.028,2593.526
0,.048,-3203.4
1,-.048,3203.4
0,-.012,-3014.356
1,.012,3014.356
0,.135,-5346.554
1,-.135,5346.554
0,.0083,-628.3047
1,-.0083,628.3047
0,0,-690.9357
1,0,690.9357
0,.0208,-251.4942
1,-.0208,251.4942
0,.0000333,-50.63437
1,-.0000333,50.63437
0,.0000333,-56.88358
1,-.0000333,56.88358
0,0,-25.34839
1,0,25.34839
0,-.0425,90.03456
1,.0425,-90.03456
0,.005,-2031.296
1,-.005,2031.296
0,-.0812,264.9205
1,.0812,-264.9205
0,0,-344.0126
1,0,344.0126
0,0,-87.348
1,0,87.348
0,-.0625,-6045.541
1,.0625,6045.541
0,-.02,-5653.798
1,.02,5653.798
0,-.04,-4335.637
1,.04,4335.637
0,.025,-1288.886
1,-.025,1288.886
0,.175,-1111.702
1,-.175,1111.702
0,.025,-873.4799
1,-.025,873.4799
0,-.04,-139.6245
1,.04,139.6245
0,-.025,-145.6609
1,.025,145.6609
0,-.0825,-311.3965
1,.0825,311.3965
0,-.05,-528.2017
1,.05,528.2017
0,-.025,-31.12665
1,.025,31.12665
0,-.0175,-791.9597
1,.0175,791.9597
0,-.09,-961.8088
1,.09,961.8088
0,-.0675,55.40591
1,.0675,-55.40591
0,0,-244.0968
1,0,244.0968
0,-.01,-309.9604
1,.01,309.9604
0,-.02,15.01233
1,.02,-15.01233
0,-.049,-338.4169
1,.049,338.4169
0,0,-84.37595
1,0,84.37595
0,-.0833,-281.2532
1,.0833,281.2532
0,-.0625,-235.2299
1,.0625,235.2299
0,-.0833,0
1,.0833,0
0,-.0625,-654.5529
1,.0625,654.5529
0,-.023,-148.2971
1,.023,148.2971
0,.043,-815.3786
1,-.043,815.3786
0,-.0195,-327.2765
1,.0195,327.2765
0,0,-159.3102
1,0,159.3102
0,-.055,-2007.941
1,.055,2007.941
0,.055,-2321.148
1,-.055,2321.148
0,-.02,-4916.814
1,.02,4916.814
0,-.005,-105.7686
1,.005,105.7686
0,0,-622.8563
1,0,622.8563
0,.03,-1324.226
1,-.03,1324.226
0,.02,-1397.152
1,-.02,1397.152
0,.01,-1531.125
1,-.01,1531.125
0,-.0033,-32.45589
1,.0033,32.45589
0,-.015,-881.7479
1,.015,881.7479
0,-.0375,-144.037
1,.0375,144.037
0,-.0625,-50.36484
1,.0625,50.36484
0,-.0625,-85.25163
1,.0625,85.25163
0,-.015,-221.1135
1,.015,221.1135
0,-.035,-255.5089
1,.035,255.5089
0,-.05,-106.1344
1,.05,106.1344
0,-.0225,-119.0082
1,.0225,119.0082
0,0,-125.2976
1,0,125.2976
0,.04,-502.4064
1,-.04,502.4064
0,-.06,-525.7588
1,.06,525.7588
0,-.0833,115.4704
1,.0833,-115.4704
0,-.05,-520.6154
1,.05,520.6154
0,-.015,186.0434
1,.015,-186.0434
0,-.01,329.915
1,.01,-329.915
0,.012,-642.8091
1,-.012,642.8091
0,0,-940.1293
1,0,940.1293
0,-.0625,-1369.017
1,.0625,1369.017
0,-.0625,-1368.031
1,.0625,1368.031
0,0,-1904.365
1,0,1904.365
0,-.0625,-1900.508
1,.0625,1900.508
0,.01,-3656.992
1,-.01,3656.992
0,-.01,-754.925
1,.01,754.925
0,-.005,-275.6238
1,.005,275.6238
0,-.005,-19.71545
1,.005,19.71545
0,-.005,-147.3029
1,.005,147.3029
0,-.005,-147.3029
1,.005,147.3029
0,-.135,-6688.559
1,.135,6688.559
0,-.14,-7403.017
1,.14,7403.017
0,-.074,-5145.825
1,.074,5145.825
0,-.128,-6564.162
1,.128,6564.162
0,-.054,-1418.336
1,.054,1418.336
0,.11,-1658.776
1,-.11,1658.776
0,-.054,-1418.336
1,.054,1418.336
0,-.014,-277.4933
1,.014,277.4933
0,-.014,-277.4932
1,.014,277.4932
0,-.008,10.11426
1,.008,-10.11426
0,-.008,10.11426
1,.008,-10.11426
0,.158,-528.0474
1,-.158,528.0474
0,-.002,-481.4709
1,.002,481.4709
0,-.002,-393.5909
1,.002,393.5909
0,-.002,-53.61255
1,.002,53.61255
0,.02,-251.6566
1,-.02,251.6566
0,-.065,-13.80515
1,.065,13.80515
0,-.115,776.5402
1,.115,-776.5402
0,-.1233,-13.80515
1,.1233,13.80515
0,-.2083,239.6729
1,.2083,-239.6729
0,.2383,-1740.025
1,-.2383,1740.025
0,.035,-155.8346
1,-.035,155.8346
0,.015,-4793.469
1,-.015,4793.469
0,-.17,105.4561
1,.17,-105.4561
0,-.06,-1917.242
1,.06,1917.242
0,-.0833,-198.5883
1,.0833,198.5883
0,-.055,-93.55457
1,.055,93.55457
0,-.14,-804.5686
1,.14,804.5686
0,-.0983,-13.65137
1,.0983,13.65137
0,-.0775,-444.3839
1,.0775,444.3839
0,-.065,84.1991
1,.065,-84.1991
0,-.06,767.1936
1,.06,-767.1936
0,-.13,339.1818
1,.13,-339.1818
0,-.0125,-191.4724
1,.0125,191.4724
0,-.0333,-189.4478
1,.0333,189.4478
0,.1,-527.5677
1,-.1,527.5677
0,-.052,-337.5966
1,.052,337.5966
0,.01,-901.4185
1,-.01,901.4185
0,0,-417.4365
1,0,417.4365
0,.01,-255.6271
1,-.01,255.6271
0,-.05,-2349.141
1,.05,2349.141
0,-.0313,-1660.535
1,.0313,1660.535
0,-.05,-1592.454
1,.05,1592.454
0,-.015,-255.644
1,.015,255.644
0,0,-839.2825
1,0,839.2825
0,.02,-336.7736
1,-.02,336.7736
0,0,-2616.822
1,0,2616.822
0,.02,-2006.989
1,-.02,2006.989
0,.015,-515.4458
1,-.015,515.4458
0,0,-1230.726
1,0,1230.726
0,.0455,-488.4475
1,-.0455,488.4475
0,-.075,34.98682
1,.075,-34.98682
0,-.05,-463.1935
1,.05,463.1935
0,-.002,-867.6133
1,.002,867.6133
0,0,-1041.551
1,0,1041.551
0,-.0833,-904.2035
1,.0833,904.2035
0,-.05,-1041.551
1,.05,1041.551
0,.02,-64.50751
1,-.02,64.50751
0,.01,-121.3235
1,-.01,121.3235
0,.1166667,-9619.186
1,-.1166667,9619.186
0,-.0833333,-8016.8
1,.0833333,8016.8
0,-.0075,-230.8784
1,.0075,230.8784
0,0,-115.7618
1,0,115.7618
0,-.0333,-349.5604
1,.0333,349.5604
0,0,-538.8879
1,0,538.8879
0,-.05,-1153.519
1,.05,1153.519
0,-.045,-1709.709
1,.045,1709.709
0,-.0608,-508.7363
1,.0608,508.7363
0,-.013,-985.3656
1,.013,985.3656
0,-.013,-129.8003
1,.013,129.8003
0,0,-353.847
1,0,353.847
0,-.025,-166.1448
1,.025,166.1448
0,-.0208,118.6748
1,.0208,-118.6748
0,-.0525,-85.59024
1,.0525,85.59024
0,0,-44.61255
1,0,44.61255
0,-.025,-7461.132
1,.025,7461.132
0,-.025,-7050.165
1,.025,7050.165
0,.115,-3076.755
1,-.115,3076.755
0,-.025,-549.8027
1,.025,549.8027
0,-.01,-26.37231
1,.01,26.37231
0,-.01,-381.5615
1,.01,381.5615
0,-.025,-298.0058
1,.025,298.0058
0,.0125,-49.4478
1,-.0125,49.4478
0,0,-46.45691
1,0,46.45691
0,-.03,-971.3715
1,.03,971.3715
0,-.03,-4772.391
1,.03,4772.391
0,-.03,-4121.994
1,.03,4121.994
0,-.01,741.9023
1,.01,-741.9023
0,-.01,-8017.335
1,.01,8017.335
0,-.065,-11522.72
1,.065,11522.72
0,.005,-6519.986
1,-.005,6519.986
0,.005,-7634.952
1,-.005,7634.952
0,-.05,-6698.095
1,.05,6698.095
0,0,-1389.612
1,0,1389.612
0,.03,-1254.464
1,-.03,1254.464
0,.03,-77.47858
1,-.03,77.47858
0,.03,-155.6231
1,-.03,155.6231
0,-.035,-660.3558
1,.035,660.3558
0,-.0683,196.4705
1,.0683,-196.4705
0,-.02,-359.4025
1,.02,359.4025
0,0,115.0088
1,0,-115.0088
0,-.015,58.50732
1,.015,-58.50732
0,0,-305.0742
1,0,305.0742
0,0,-96.11926
1,0,96.11926
0,.0025,-735.5212
1,-.0025,735.5212
0,0,-1978.781
1,0,1978.781
0,-.01,-1801.529
1,.01,1801.529
0,.0025,-735.5212
1,-.0025,735.5212
0,.05,-1466.206
1,-.05,1466.206
0,0,-1978.781
1,0,1978.781
0,0,-1619.108
1,0,1619.108
0,-.025,-651.5851
1,.025,651.5851
0,-.02,-376.1189
1,.02,376.1189
0,-.02,-1183.604
1,.02,1183.604
0,.0833,-832.0344
1,-.0833,832.0344
0,.03,-2193.493
1,-.03,2193.493
0,-.005,-2014.896
1,.005,2014.896
0,.0125,-108.339
1,-.0125,108.339
0,.0125,-91.52379
1,-.0125,91.52379
0,.045,-3303.277
1,-.045,3303.277
0,.047,-2938.961
1,-.047,2938.961
0,-.015,-187.9162
1,.015,187.9162
0,-.025,-68.81512
1,.025,68.81512
0,-.0149,-779.4873
1,.0149,779.4873
0,-.0475,-1549.043
1,.0475,1549.043
0,.0075,-2868.675
1,-.0075,2868.675
0,-.05,-137.4022
1,.05,137.4022
0,0,-214.5413
1,0,214.5413
0,-.0125,-222.3058
1,.0125,222.3058
0,-.032,-266.3577
1,.032,266.3577
0,-.027,-384.4025
1,.027,384.4025
0,-.027,51.45551
1,.027,-51.45551
0,-.03,-474.6007
1,.03,474.6007
0,-.005,-213.8932
1,.005,213.8932
0,-.005,-230.0361
1,.005,230.0361
0,0,-226.0004
1,0,226.0004
0,.005,-815.2157
1,-.005,815.2157
0,.005,-589.2153
1,-.005,589.2153
0,-.0375,-370.1916
1,.0375,370.1916
0,-.0125,-244.1273
1,.0125,244.1273
0,.0208333,-223.2314
1,-.0208333,223.2314
0,.0208333,-117.7422
1,-.0208333,117.7422
0,.0000333,-219.1741
1,-.0000333,219.1741
0,-.05,-349.7028
1,.05,349.7028
0,-.04,125.7755
1,.04,-125.7755
0,-.045,-615.3674
1,.045,615.3674
0,-.01,-422.9533
1,.01,422.9533
0,0,-408.5678
1,0,408.5678
0,-.025,-515.7611
1,.025,515.7611
0,-.02,-3199.164
1,.02,3199.164
0,-.075,343.7327
1,.075,-343.7327
0,-.0125,-48.5744
1,.0125,48.5744
0,.055,-202.8281
1,-.055,202.8281
0,-.0833,-650.1086
1,.0833,650.1086
0,.0125,-509.5446
1,-.0125,509.5446
0,-.0833,-589.588
1,.0833,589.588
0,.0125,-449.024
1,-.0125,449.024
0,-.0375,-421.3017
1,.0375,421.3017
0,.0125,-872.6683
1,-.0125,872.6683
0,0,-244.0348
1,0,244.0348
0,-.027,-5536.973
1,.027,5536.973
0,-.005,-176.564
1,.005,176.564
0,.003,-333.7224
1,-.003,333.7224
0,-.01,-10.22998
1,.01,10.22998
0,-.02,-7.809082
1,.02,7.809082
0,.02,-554.447
1,-.02,554.447
0,0,-627.267
1,0,627.267
0,-.025,-261.6052
1,.025,261.6052
0,0,-583.7311
1,0,583.7311
0,-.0125,-519.306
1,.0125,519.306
0,-.025,-78.09106
1,.025,78.09106
0,.0125,-441.215
1,-.0125,441.215
0,-.0833,-249.8917
1,.0833,249.8917
0,.05,-334.5719
1,-.05,334.5719
0,-.0416667,-94.46735
1,.0416667,94.46735
0,.01,-74.78667
1,-.01,74.78667
0,-.01,-389.6078
1,.01,389.6078
0,.01,-74.78667
1,-.01,74.78667
0,.145,-409.0309
1,-.145,409.0309
0,-.015,-507.762
1,.015,507.762
0,0,-598.4758
1,0,598.4758
0,-.043,-589.9253
1,.043,589.9253
0,.01,-325.1483
1,-.01,325.1483
0,0,-287.3382
1,0,287.3382
0,-.025,-462.4964
1,.025,462.4964
0,-.03,-273.0199
1,.03,273.0199
0,-.05,-326.6996
1,.05,326.6996
0,-.01,-865.9507
1,.01,865.9507
0,-.0125,-83.9957
1,.0125,83.9957
0,-.0125,-168.6819
1,.0125,168.6819
0,.05,-128.4022
1,-.05,128.4022
0,-.0125,-37.94958
1,.0125,37.94958
0,-.046,-1250.917
1,.046,1250.917
0,.0075,-298.7334
1,-.0075,298.7334
0,-.0075,-36.38663
1,.0075,36.38663
0,-.0033,-74.05734
1,.0033,74.05734
0,-.046,-1250.917
1,.046,1250.917
0,0,57.21753
1,0,-57.21753
0,-.007,-317.6342
1,.007,317.6342
0,.025,-263.2012
1,-.025,263.2012
0,-.0333,-246.0357
1,.0333,246.0357
0,.02,-185.0036
1,-.02,185.0036
0,.0125,-281.5107
1,-.0125,281.5107
0,0,-400.3073
1,0,400.3073
0,-.05,-1740.565
1,.05,1740.565
0,-.0833,-449.6109
1,.0833,449.6109
0,-.035,-74.47052
1,.035,74.47052
0,-.045,-292.1535
1,.045,292.1535
0,.14,-9122.611
1,-.14,9122.611
0,.09,-10223.42
1,-.09,10223.42
0,0,-178.0419
1,0,178.0419
0,-.04,-876.0786
1,.04,876.0786
0,-.02,28.52795
1,.02,-28.52795
0,-.003,-115.4865
1,.003,115.4865
0,.01,-531.9
1,-.01,531.9
0,-.01,-171.4412
1,.01,171.4412
0,.01,-679.4805
1,-.01,679.4805
0,0,-273.7078
1,0,273.7078
0,.02,-179.493
1,-.02,179.493
0,-.0125,-116.3961
1,.0125,116.3961
0,-.03,-987.4896
1,.03,987.4896
0,-.02,-555.6975
1,.02,555.6975
0,-.01,-1490.141
1,.01,1490.141
0,-.01,-69.85126
1,.01,69.85126
0,-.0256,-810.0043
1,.0256,810.0043
0,-.055,-316.8967
1,.055,316.8967
0,-.04,127.4774
1,.04,-127.4774
0,-.04,-133.8246
1,.04,133.8246
0,.0333,-275.2964
1,-.0333,275.2964
0,-.075,-553.9724
1,.075,553.9724
0,-.025,-38.58813
1,.025,38.58813
0,-.025,350.8011
1,.025,-350.8011
0,-.015,-205.9052
1,.015,205.9052
0,.04,-353.356
1,-.04,353.356
0,.01,-2657.586
1,-.01,2657.586
0,-.04,-545.7248
1,.04,545.7248
0,.03,-152.9428
1,-.03,152.9428
0,0,-23.29776
1,0,23.29776
0,.06,-1044.778
1,-.06,1044.778
0,0,-12.7356
1,0,12.7356
0,.06,-1044.777
1,-.06,1044.777
0,-.01,159.5947
1,.01,-159.5947
0,-.03,-408.3902
1,.03,408.3902
0,-.0633,-680.6499
1,.0633,680.6499
0,-.0425,158.3498
1,.0425,-158.3498
0,-.03,-534.9368
1,.03,534.9368
0,-.03,-377.6403
1,.03,377.6403
0,.045,-232.4893
1,-.045,232.4893
0,-.0625,-726.2968
1,.0625,726.2968
0,-.04,-214.1219
1,.04,214.1219
0,.0625,-92.55945
1,-.0625,92.55945
0,-.0416667,-55.13866
1,.0416667,55.13866
0,-.0416667,-36.64861
1,.0416667,36.64861
0,-.0417,-55.13866
1,.0417,55.13866
0,.0125,-155.5352
1,-.0125,155.5352
0,-.11,538.0421
1,.11,-538.0421
0,0,-2554.438
1,0,2554.438
0,0,-2378.408
1,0,2378.408
0,.05,-2115.279
1,-.05,2115.279
0,.1,-1326.585
1,-.1,1326.585
0,-.15,-3569.641
1,.15,3569.641
0,-.05,-2278.217
1,.05,2278.217
0,-.09,-3734.815
1,.09,3734.815
0,-.05,118.4492
1,.05,-118.4492
0,-.15,-3787.88
1,.15,3787.88
0,-.1,-2350.542
1,.1,2350.542
0,.025,65.42502
1,-.025,-65.42502
0,.025,-51.55032
1,-.025,51.55032
0,.0125,-157.2508
1,-.0125,157.2508
0,.025,-51.55032
1,-.025,51.55032
0,.0125,164.5648
1,-.0125,-164.5648
0,.025,269.74
1,-.025,-269.74
0,-.0833,-767.9692
1,.0833,767.9692
0,-.05,880.4646
1,.05,-880.4646
0,.05,179.8514
1,-.05,-179.8514
0,0,-7.487701
1,0,7.487701
0,.01,-135.2888
1,-.01,135.2888
0,.05,-768.6566
1,-.05,768.6566
0,-.0525,-129.5912
1,.0525,129.5912
0,-.03,-736.665
1,.03,736.665
0,-.03,-904.2545
1,.03,904.2545
0,-.005,-282.4825
1,.005,282.4825
0,.025,-347.8539
1,-.025,347.8539
0,.03,-157.124
1,-.03,157.124
0,-.0025,-540.8271
1,.0025,540.8271
0,-.04,-627.3594
1,.04,627.3594
0,.005,-29.52469
1,-.005,29.52469
0,.045,-221.3939
1,-.045,221.3939
0,-.03,-768.6803
1,.03,768.6803
0,.06,-81.66628
1,-.06,81.66628
0,.0125,-112.4965
1,-.0125,112.4965
0,-.02,-131.3762
1,.02,131.3762
0,-.0333333,-10.59335
1,.0333333,10.59335
0,-.0208333,-664.0017
1,.0208333,664.0017
0,-.005,-250.5
1,.005,250.5
0,-.035,-1234.86
1,.035,1234.86
0,-.01,282.7519
1,.01,-282.7519
0,-.0065,-256.1469
1,.0065,256.1469
0,-.0065,-132.8313
1,.0065,132.8313
0,.05,-44.97021
1,-.05,44.97021
0,-.0125,-96.07275
1,.0125,96.07275
0,-.2375,87.31428
1,.2375,-87.31428
0,-.025,1.361267
1,.025,-1.361267
0,-.08,-1788.171
1,.08,1788.171
0,.0051,-161.9764
1,-.0051,161.9764
0,-.0463,-943.2936
1,.0463,943.2936
0,-.0475,-624.5514
1,.0475,624.5514
0,-.0049,-501.2068
1,.0049,501.2068
0,-.0725,-965.631
1,.0725,965.631
0,0,-528.8792
1,0,528.8792
0,.02,-351.7559
1,-.02,351.7559
0,-.04,262.7877
1,.04,-262.7877
0,-.03,133.0728
1,.03,-133.0728
0,-.09,-339.3318
1,.09,339.3318
0,0,-474.285
1,0,474.285
0,-.04,-228.0665
1,.04,228.0665
0,-.0427,-319.8823
1,.0427,319.8823
0,-.015,-616.9133
1,.015,616.9133
0,-.04,-23.66241
1,.04,23.66241
0,-.0261,-503.2113
1,.0261,503.2113
0,-.0011,-5.652588
1,.0011,5.652588
0,.0089,-167.2408
1,-.0089,167.2408
0,.04,-365.5533
1,-.04,365.5533
0,.04,-230.1631
1,-.04,230.1631
0,.04,-595.7166
1,-.04,595.7166
0,.005,-308.0126
1,-.005,308.0126
0,.025,-209.8546
1,-.025,209.8546
0,0,-5.104126
1,0,5.104126
0,-.04,-252.438
1,.04,252.438
0,-.025,-2655.647
1,.025,2655.647
0,-.0378,-81.39941
1,.0378,81.39941
0,0,-333.741
1,0,333.741
0,0,-124.1312
1,0,124.1312
0,-.0125,-100.5655
1,.0125,100.5655
0,-.0235,-617.1368
1,.0235,617.1368
0,.0883,-673.3514
1,-.0883,673.3514
0,-.0833,6.733536
1,.0833,-6.733536
0,-.013,-7.753052
1,.013,7.753052
0,0,-591.5052
1,0,591.5052
0,-.0625,-21.05357
1,.0625,21.05357
0,.02,-333.7221
1,-.02,333.7221
0,.02,-333.7221
1,-.02,333.7221
0,-.025,-435.7774
1,.025,435.7774
0,-.02,-106.034
1,.02,106.034
0,.023,-269.0569
1,-.023,269.0569
0,.048,-514.8621
1,-.048,514.8621
0,-.0025,-624.4778
1,.0025,624.4778
0,.02,-107.1147
1,-.02,107.1147
0,-.03,-426.0037
1,.03,426.0037
0,-.0360333,-188.5018
1,.0360333,188.5018
0,-.0152,-221.8531
1,.0152,221.8531
0,-.05,-4.172058
1,.05,4.172058
0,-.0625,74.50107
1,.0625,-74.50107
0,-.05,8.277893
1,.05,-8.277893
0,.02,-70.1416
1,-.02,70.1416
0,.04,-143.5887
1,-.04,143.5887
0,-.03,-409.9865
1,.03,409.9865
0,.05,-92.97784
1,-.05,92.97784
0,-.005,-236.8737
1,.005,236.8737
0,.05,-88.25565
1,-.05,88.25565
0,-.0333333,-370.8364
1,.0333333,370.8364
0,0,-48.61515
1,0,48.61515
0,-.025,-14.50215
1,.025,14.50215
0,-.01,-26.53497
1,.01,26.53497
0,-.03,-771.7336
1,.03,771.7336
0,-.03,-399.1791
1,.03,399.1791
0,-.01875,0
1,.01875,0
0,-.012,457.4658
1,.012,-457.4658
0,.05,-180.5838
1,-.05,180.5838
0,-.0333333,-157.0539
1,.0333333,157.0539
0,.006,-403.894
1,-.006,403.894
0,.01,-337.9396
1,-.01,337.9396
0,-.01,-122.3331
1,.01,122.3331
0,0,-1618.113
1,0,1618.113
0,-.01,-1746.79
1,.01,1746.79
0,-.065,-123.4799
1,.065,123.4799
0,-.0775,-82.7316
1,.0775,82.7316
0,-.02,57.95166
1,.02,-57.95166
0,-.01,0
1,.01,0
0,.05,-913.0688
1,-.05,913.0688
0,0,-942.6841
1,0,942.6841
0,0,-97.61023
1,0,97.61023
0,0,-97.61011
1,0,97.61011
0,.0074,-857.2362
1,-.0074,857.2362
0,0,-71.61005
1,0,71.61005
0,0,-349.4067
1,0,349.4067
0,-.03,-22.12714
1,.03,22.12714
0,-.01,-36.8786
1,.01,36.8786
0,.01,-190.2934
1,-.01,190.2934
0,-.04,-54.00824
1,.04,54.00824
0,-.0033333,-75.49535
1,.0033333,75.49535
0,-.05,-145.1833
1,.05,145.1833
0,-.018,-265.8264
1,.018,265.8264
0,-.02,-407.3238
1,.02,407.3238
0,0,-66.4006
1,0,66.4006
0,-.025,-500.1675
1,.025,500.1675
0,.015,-168.0826
1,-.015,168.0826
0,.01,-239.1563
1,-.01,239.1563
0,0,-359.9969
1,0,359.9969
0,.015,-221.1953
1,-.015,221.1953
0,.0125,-56.10065
1,-.0125,56.10065
0,.0125,-56.10065
1,-.0125,56.10065
0,0,-133.239
1,0,133.239
0,.0125,-56.10065
1,-.0125,56.10065
0,.02,-283.0562
1,-.02,283.0562
0,-.0724,-898.4653
1,.0724,898.4653
0,-.029,-562.694
1,.029,562.694
0,0,-140.6733
1,0,140.6733
0,-.03,-386.8155
1,.03,386.8155
0,-.005,-198.0472
1,.005,198.0472
0,.012,-92.6347
1,-.012,92.6347
0,.025,-97.63193
1,-.025,97.63193
0,0,-40.27087
1,0,40.27087
0,-.0205,-758.8074
1,.0205,758.8074
0,0,-62.05957
1,0,62.05957
0,.0383333,-551.5264
1,-.0383333,551.5264
0,-.0833333,134.0158
1,.0833333,-134.0158
0,-.045,-389.1611
1,.045,389.1611
0,-.02,-172.6741
1,.02,172.6741
0,-.0583333,25.77225
1,.0583333,-25.77225
0,.0383333,-221.6427
1,-.0383333,221.6427
0,.0383333,-226.7959
1,-.0383333,226.7959
0,.0383333,-226.7959
1,-.0383333,226.7959
0,-.0833333,136.5929
1,.0833333,-136.5929
0,-.045,-389.1612
1,.045,389.1612
0,.0383333,-556.6808
1,-.0383333,556.6808
0,.0383333,-551.5264
1,-.0383333,551.5264
0,.0383333,-566.8356
1,-.0383333,566.8356
0,.0383333,-162.3652
1,-.0383333,162.3652
0,.0383333,-162.3652
1,-.0383333,162.3652
0,.0383333,-162.3652
1,-.0383333,162.3652
0,.0383333,-226.7959
1,-.0383333,226.7959
0,.0383333,-226.7959
1,-.0383333,226.7959
0,.0383333,-561.8353
1,-.0383333,561.8353
0,.0383333,-226.7959
1,-.0383333,226.7959
0,.0383333,-162.3652
1,-.0383333,162.3652
0,0,-1475.319
1,0,1475.319
0,0,-494.3345
1,0,494.3345
0,0,-494.3345
1,0,494.3345
0,0,-1085.999
1,0,1085.999
0,0,-2874.615
1,0,2874.615
0,-.045,-140.6292
1,.045,140.6292
0,-.0833334,-393.9653
1,.0833334,393.9653
0,-.05,-635.4219
1,.05,635.4219
0,-.04,-174.2403
1,.04,174.2403
0,0,-2821.07
1,0,2821.07
0,0,-53.33881
1,0,53.33881
0,.005,-246.2404
1,-.005,246.2404
0,-.02,-91.50928
1,.02,91.50928
0,.01,-309.513
1,-.01,309.513
0,-.04,-63.26331
1,.04,63.26331
0,0,-519.3979
1,0,519.3979
0,0,-519.3979
1,0,519.3979
0,0,-278.7013
1,0,278.7013
0,0,-519.398
1,0,519.398
0,0,-519.398
1,0,519.398
0,-.007,-38.00473
1,.007,38.00473
0,-.01,-144.4179
1,.01,144.4179
0,-.007,-38.0047
1,.007,38.0047
0,-.01,-144.4179
1,.01,144.4179
0,-.007,-38.0047
1,.007,38.0047
0,0,-253.0875
1,0,253.0875
0,.014,-1159.077
1,-.014,1159.077
0,-.001,-907.1039
1,.001,907.1039
0,.014,-1814.208
1,-.014,1814.208
0,-.001,-743.3213
1,.001,743.3213
0,-.001,-1562.235
1,.001,1562.235
0,.014,-1159.077
1,-.014,1159.077
0,-.001,-1019.106
1,.001,1019.106
0,-.001,-907.1039
1,.001,907.1039
0,-.02,-292.2891
1,.02,292.2891
0,-.02,-456.0717
1,.02,456.0717
0,.025,-193.31
1,-.025,193.31
0,0,-128.6211
1,0,128.6211
0,0,-312.7259
1,0,312.7259
0,0,-312.7259
1,0,312.7259
0,-.025,-132.4042
1,.025,132.4042
0,-.025,-451.3835
1,.025,451.3835
0,-.025,-132.4042
1,.025,132.4042
0,0,-126.0992
1,0,126.0992
0,-.025,-69.35455
1,.025,69.35455
0,0,-126.0992
1,0,126.0992
0,-.025,-69.35455
1,.025,69.35455
0,0,-126.0992
1,0,126.0992
0,-.025,-308.5645
1,.025,308.5645
0,0,-310.2039
1,0,310.2039
0,.005,-247.1544
1,-.005,247.1544
0,0,-754.073
1,0,754.073
0,-.028,-327.7452
1,.028,327.7452
0,-.012,-93.28131
1,.012,93.28131
0,.004,-247.0695
1,-.004,247.0695
0,-.024,-234.4639
1,.024,234.4639
0,-.0025,-115.9714
1,.0025,115.9714
0,-.0025,-115.9713
1,.0025,115.9713
0,-.01,12.60558
1,.01,-12.60558
0,-.05,-749.6676
1,.05,749.6676
0,-.05,-474.0382
1,.05,474.0382
0,0,-603.1577
1,0,603.1577
0,-.025,-87.20996
1,.025,87.20996
0,0,-2338.715
1,0,2338.715
0,0,-2338.715
1,0,2338.715
0,0,-856.5359
1,0,856.5359
0,-.02,-23.59943
1,.02,23.59943
0,.005,-106.7566
1,-.005,106.7566
0,0,-1652.835
1,0,1652.835
0,-.05,-372.8628
1,.05,372.8628
0,0,-1145.086
1,0,1145.086
0,-.015,59.51364
1,.015,-59.51364
0,0,-869.5386
1,0,869.5386
0,-.02125,-277.7305
1,.02125,277.7305
0,-.025,-436.374
1,.025,436.374
0,-.01,-109.0935
1,.01,109.0935
0,-.0625,-741.7525
1,.0625,741.7525
0,0,-939.5532
1,0,939.5532
0,0,-479.6666
1,0,479.6666
0,-.02,-2095.118
1,.02,2095.118
0,0,-1848.743
1,0,1848.743
0,0,-1677.747
1,0,1677.747
0,-.04,22.30371
1,.04,-22.30371
0,0,-1556.719
1,0,1556.719
0,.125,-1665.708
1,-.125,1665.708
0,-.02,-2757.955
1,.02,2757.955
0,-.052,-66.35663
1,.052,66.35663
0,-.005,561.6107
1,.005,-561.6107
0,.005,-1130.941
1,-.005,1130.941
0,-.05,-9.89978
1,.05,9.89978
0,-.02,282.934
1,.02,-282.934
0,-.04,-244.821
1,.04,244.821
0,0,-190.4297
1,0,190.4297
0,.005,-144.6399
1,-.005,144.6399
0,-.04,-144.2682
1,.04,144.2682
0,-.0575,-919.4047
1,.0575,919.4047
0,0,-554.1364
1,0,554.1364
0,.02,-269.8614
1,-.02,269.8614
0,0,-705.427
1,0,705.427
0,0,-343.3618
1,0,343.3618
0,-.001,-58.8009
1,.001,58.8009
0,0,-193.3986
1,0,193.3986
0,.025,-671.7586
1,-.025,671.7586
0,0,-331.1823
1,0,331.1823
0,-.03,263.6047
1,.03,-263.6047
0,0,-199.019
1,0,199.019
0,.0175,-248.3706
1,-.0175,248.3706
