lntotalcashpad,royalty,numbids,advertisedacreage,totalcashpa_d
6.157862,.2,2,1940,472.417
6.263537,.166667,2,1940,525.0729
6.220473,.2,2,907,502.9411
6.263537,.166667,2,907,525.0729
7.555295,.2,3,409,1910.835
7.473152,.2,3,409,1760.145
7.361678,.166667,3,409,1574.476
7.313359,.2,2,103,1500.208
5.629432,.42,2,103,278.504
8.420189,.166667,2,276,4537.759
7.718824,.25,2,276,2250.313
6.622715,.166667,2,58.69,751.9837
6.25827,.166667,2,58.69,522.3147
6.983761,.1875,2,122,1078.969
5.403689,.251,2,122,222.2247
8.292631,.2,2,732,3994.329
7.962934,.2,2,732,2872.487
6.297215,.166667,2,40.56,543.0572
4.674531,.166667,2,40.56,107.1823
6.580486,.175,2,132,720.8898
6.848168,.166667,2,132,942.153
6.443469,.166667,2,200,628.5837
4.268717,.166667,2,200,71.42996
6.600862,.166667,2,55,735.7286
5.559701,.166667,2,55,259.7453
6.039282,.21,2,80,419.5916
5.362395,.166667,2,80,213.2351
6.939843,.2,2,45,1032.608
6.543529,.2,2,45,694.7336
6.039282,.21,2,70,419.5916
5.362395,.166667,2,70,213.2351
6.884612,.166667,2,215,977.1221
5.85082,.25,2,215,347.5193
6.950117,.166667,2,268,1043.271
6.322099,.166667,2,268,556.7404
6.935204,.2,2,650,1027.828
6.76085,.2,2,650,863.3759
6.683086,.166667,2,40,798.7802
6.069603,.166667,2,40,432.5092
4.200503,.25,2,690,66.71989
4.78829,.166667,2,690,120.0958
7.021882,.34,3,550,1120.894
6.503088,.38,3,550,667.1989
5.905251,.32,3,550,366.9594
7.021882,.34,3,635,1120.894
6.503088,.38,3,635,667.1989
5.905251,.32,3,635,366.9594
6.600839,.2,2,78.61,735.7122
5.66156,.166667,2,78.61,287.597
4.285203,.215,2,70,72.61725
5.810083,.166667,2,70,333.6468
7.633999,.25,2,247,2067.302
7.62299,.166667,2,247,2044.666
6.725454,.2,2,40,833.35
5.911578,.25,2,40,369.2884
6.755545,.215,2,1649.78,858.808
6.318238,.1875,2,1649.78,554.5948
6.575463,.3,2,60,717.278
6.473272,.166667,2,60,647.5995
8.452079,.265,2,80,4684.802
5.076541,.4,2,80,160.2189
6.188399,.25,2,638.5,487.0656
6.464401,.166667,2,638.5,641.8795
6.511626,.25,2,550,672.9196
6.659142,.2,2,550,779.8817
5.078393,.22,2,200,160.5159
5.532037,.166667,2,200,252.6581
6.435905,.275,2,130,623.8472
5.253368,.25,2,130,191.2092
7.134964,.25,2,119,1255.092
6.837332,.2,2,119,931.9992
7.140395,.2,2,202,1261.927
6.665673,.25,2,202,784.9919
6.173331,.1875,2,40.146,479.7817
5.777944,.1875,2,40.146,323.0943
6.161161,.2,2,177,473.9779
5.080599,.166667,2,177,160.8705
6.843636,.305,4,81,937.8934
6.70544,.2,4,81,816.8372
8.040964,.2,4,81,3105.607
6.65467,.3,4,81,776.4018
7.574973,.3,2,87,1948.807
7.200566,.23,2,87,1340.189
7.574973,.3,2,40.04,1948.807
7.200566,.23,2,40.04,1340.189
5.83722,.2547,2,80,342.825
5.956027,.166667,2,80,386.0733
8.21917,.2,2,206,3711.417
6.829132,.275,2,206,924.3879
6.59802,.2,2,252,733.6412
5.973466,.18,2,252,392.8649
6.002453,.29,2,64,404.4197
6.500628,.2,2,64,665.5593
9.639114,.4,4,40,15353.74
8.031674,.51,4,40,3076.89
8.985188,.21,4,40,7983.946
6.420239,.67,4,40,614.1497
5.594015,.2,2,1745.08,268.8126
5.006092,.2,2,1745.08,149.3201
5.835226,.2,2,1835.35,342.1422
5.006092,.2,2,1835.35,149.32
5.984258,.25,2,53,397.1277
6.519401,.2,2,53,678.1719
5.981559,.26,2,400,396.0573
5.500744,.2,2,400,244.8741
6.998591,.255,2,333,1095.089
5.737852,.2,2,333,310.397
5.761674,.2,2,115.37,317.88
5.529686,.1875,2,115.37,252.0647
6.495126,.2,3,45.299,661.9073
6.495126,.1875,3,45.299,661.9073
6.465652,.1875,3,45.299,642.6833
6.495124,.2,2,100,661.9067
6.495124,.1875,2,100,661.9067
6.01085,.2,2,147.54,407.8299
5.197256,.25,2,147.54,180.7755
5.016069,.25,2,132,150.8174
4.099779,.166667,2,132,60.32695
5.728289,.25,2,189,307.4427
5.509793,.2,2,189,247.1
5.72829,.25,2,63,307.443
5.905714,.2,2,63,367.129
5.108666,.27,2,65,165.4496
6.585603,.21,2,65,724.588
6.656966,.2087,2,483.6,778.1861
4.589873,.166667,2,483.6,98.48189
6.424133,.2,2,370,616.5458
5.754182,.166667,2,370,315.5074
7.092709,.3,2,573,1203.162
6.901392,.22,2,573,993.6564
7.141262,.2075,2,4010,1263.021
4.140898,.1875,2,4010,62.85922
7.568603,.2075,2,4010,1936.433
4.140898,.1875,2,4010,62.85922
7.626308,.3,2,710,2051.462
7.121654,.25,2,710,1238.497
6.85159,.24,2,640,945.3828
6.382813,.21,2,640,591.5892
7.141212,.2,2,1300,1262.958
6.549335,.2,2,1300,698.7795
6.194846,.166667,2,40,490.2161
5.654268,.166667,2,40,285.5074
6.691005,.333333,2,390,805.1307
6.89154,.217,2,390,983.9155
6.531123,.2,2,234.88,686.1682
5.455817,.26,2,234.88,234.116
6.80484,.2,2,246.98,902.2032
5.749578,.2,2,246.98,314.0581
6.667948,.17,2,655,786.7797
6.433501,.166667,2,655,622.349
6.592567,.17,2,495,729.6513
6.433501,.166667,2,495,622.349
5.780292,.166667,2,61.85,323.8538
4.959988,.3,2,61.85,142.5921
6.376181,.166667,3,303,587.6788
5.865292,.2,3,303,352.5851
6.270442,.1667,3,303,528.7107
6.726779,.225,2,300,834.455
6.544457,.2,2,300,695.3792
6.059949,.275,3,107,428.3536
6.469734,.2,3,107,645.3119
6.564809,.225,3,107,709.6767
6.591341,.27,3,51,728.7573
6.331264,.25,3,51,561.8664
6.469734,.2,3,51,645.3118
7.737167,.252,3,40,2291.97
5.741495,.46,3,40,311.5299
5.628167,.27,3,40,278.1517
5.676887,.166667,2,80,292.0387
5.628096,.1667,2,80,278.1321
7.425705,.255,2,350,1678.583
7.160394,.23,2,350,1287.418
6.621348,.25,2,272,750.9567
6.331194,.23,2,272,561.8268
6.753026,.2,2,1552,856.6469
6.593786,.206,2,1552,730.5418
5.911318,.235,2,330,369.1926
6.0981,.22,2,330,445.0114
6.949318,.266,2,273,1042.439
6.408328,.22,2,273,606.8782
5.197313,.1667,2,259.1,180.7858
4.996984,.1875,2,259.1,147.9663
6.349102,.23,3,327.96,571.9789
6.066351,.215,3,327.96,431.1048
6.372412,.2,3,327.96,585.4682
6.548857,.2,2,700,698.4454
5.741425,.21,2,700,311.508
5.32561,.2,2,93.22,205.5337
6.018722,.1667,2,93.22,411.0527
8.142145,.227,5,900,3436.281
5.922163,.2,5,900,373.2183
6.736676,.255,5,900,842.7549
5.450527,.275,5,900,232.8809
6.044828,.215,5,900,421.9254
8.863746,.265,2,406,7070.916
7.452612,.4,2,406,1724.361
6.716072,.1667,4,644.4,825.5685
5.284542,.175,4,644.4,197.2638
4.902551,.1667,4,644.4,134.6328
6.352759,.1875,4,644.4,574.0743
6.082644,.166667,2,286,438.1861
5.959849,.1667,2,286,387.5518
6.20467,.166667,2,192,495.0557
6.082612,.1667,2,192,438.1721
5.642609,.1875,2,56,282.1979
5.54849,.1875,2,56,256.8495
4.726318,.23,2,40.4,112.8792
5.312781,.1875,2,40.4,202.9137
7.906354,.26,2,417,2714.475
6.526756,.265,2,417,683.1786
6.787741,.25,3,70,886.9076
7.049106,.1688,3,70,1151.828
6.296916,.25,3,70,542.895
5.290881,.1875,2,65,198.5182
4.711062,.1875,2,65,111.1702
8.716662,.25,4,45,6103.772
4.064435,.1875,4,45,58.232
6.109191,.23,4,45,449.9746
7.477681,.21,4,45,1768.135
7.419112,.225,4,160,1667.553
5.936657,.25,4,160,378.6668
6.3205,.4,4,160,555.851
6.677175,.25,4,160,794.0728
6.02485,.25,2,320,413.5796
5.612964,.21,2,320,273.9551
6.515212,.25,2,750,675.3369
6.272265,.225,2,750,529.676
6.503377,.2625,2,290,667.3917
5.874918,.18,2,290,355.9952
7.083129,.255,2,51,1191.692
6.497514,.205,2,51,663.4901
6.840959,.245,2,435,935.3856
6.807116,.22,2,435,904.2589
7.597054,.285,2,158,1992.318
7.090375,.2675,2,158,1200.359
7.111547,.26,2,362.68,1226.042
5.576832,.17,2,362.68,264.2332
5.571603,.255,2,150.2,262.8551
5.762872,.1875,2,150.2,318.261
7.503408,.275,3,86,1814.215
7.358906,.275,3,86,1570.119
7.316053,.265,3,86,1504.255
7.360947,.285,2,60,1573.325
7.370443,.265,2,60,1588.338
6.752162,.25,2,506,855.9075
6.248991,.201,2,506,517.4907
5.94941,.1875,2,40,383.5271
5.700949,.1875,2,40,299.1511
6.247043,.25,3,105,516.4832
5.460564,.1667,3,105,235.2299
5.639256,.1875,3,105,281.2532
5.759057,.25,2,140,317.049
5.759057,.1667,2,140,317.049
7.1771,.25,3,260,1309.106
6.483953,.1875,3,260,654.5529
7.056872,.227,3,260,1160.809
6.863031,.207,3,340,956.2609
4.947925,.25,3,340,140.8823
6.444107,.1875,3,340,628.9844
6.721534,.2,2,75,830.0897
6.50844,.2,2,75,670.7795
8.015762,.275,2,779,3028.318
6.927927,.22,2,779,1020.377
8.584752,.22,3,600,5349.467
8.015762,.275,3,600,3028.318
6.069936,.2,3,600,432.6528
6.491928,.21,2,1595,659.7941
6.317211,.205,2,1595,554.0255
6.93974,.25,2,415,1032.502
6.015293,.25,2,415,409.6458
7.524598,.22,2,325.07,1853.068
6.270691,.25,2,325.07,528.8426
7.415823,.2,3,613,1662.077
5.579446,.22,3,613,264.9249
4.874827,.21,3,613,130.9515
5.082399,.17,2,450,161.1602
4.857518,.1667,2,450,128.7043
7.337237,.215,2,118,1536.461
6.484198,.2,2,118,654.7134
5.687398,.1875,2,159.43,295.1247
5.01786,.15,2,159.43,151.0877
5.068628,.1875,3,235,158.9561
4.687591,.125,3,235,108.5913
4.300064,.125,3,235,73.70449
6.197184,.225,2,2500,491.3633
5.599347,.21,2,2500,270.2498
7.121442,.26,4,2500,1238.235
6.890331,.225,4,2500,982.7265
7.03183,.21,4,2500,1132.101
7.020394,.2375,4,2500,1119.227
5.72718,.2,2,640,307.102
5.202931,.2,2,640,181.8044
7.018053,.21,2,95,1116.61
6.420327,.25,2,95,614.204
6.939121,.26,2,720,1031.863
6.226742,.2,2,720,506.1041
5.552826,.25,2,80,257.9657
5.922747,.1667,2,80,373.4361
6.931152,.26,2,746,1023.673
6.220705,.21,2,746,503.0577
6.803753,.235,2,200,901.2231
6.991422,.22,2,200,1087.266
8.271022,.235,2,125.4,3908.94
8.352049,.225,2,125.4,4238.855
6.871336,.2,2,320,964.2354
5.772768,.212,2,320,321.4263
7.276801,.25,3,98,1446.353
6.226978,.25,3,98,506.2236
4.348155,.1875,3,98,77.33561
7.276801,.25,2,110,1446.353
4.360831,.1875,2,110,78.32221
7.787626,.25,3,50,2410.588
6.226978,.25,3,50,506.2236
6.234569,.1875,3,50,510.0805
8.441155,.2,2,2497.27,4633.907
6.884399,.21,2,2497.27,976.915
7.04015,.21,2,2497.27,1141.558
5.957477,.2,2,2497.27,386.6332
6.395566,.215,2,95,599.1823
5.77938,.21,2,95,323.5584
7.035312,.23,2,265.15,1136.05
7.017806,.225,2,265.15,1116.334
6.67924,.225,2,2500,795.714
6.474525,.22,2,2500,648.4111
6.67924,.225,2,2500,795.714
6.474525,.22,2,2500,648.4111
8.947203,.346,2,290,7686.358
6.905552,.211,2,290,997.7991
9.035485,.351,2,146,8395.79
6.900502,.211,2,146,992.7731
8.930221,.339,3,262,7556.935
7.787842,.265,3,262,2411.109
6.900502,.211,3,262,992.7731
7.787842,.265,3,163,2411.109
6.900502,.211,3,163,992.7733
6.623179,.375,3,163,752.3334
7.787842,.265,2,527,2411.109
6.900502,.211,2,527,992.7731
7.146982,.225,2,347,1270.266
6.900502,.211,2,347,992.7731
7.146982,.225,2,596,1270.266
6.900502,.211,2,596,992.7731
7.146982,.225,2,303,1270.266
7.154912,.217,2,303,1280.381
7.146982,.225,2,318,1270.266
7.154912,.217,2,318,1280.381
7.154912,.217,3,192,1280.381
6.623179,.375,3,192,752.3333
6.683248,.215,3,192,798.9097
7.154912,.217,2,400,1280.381
6.787608,.215,2,400,886.7897
7.154838,.217,2,508,1280.285
7.112061,.215,2,508,1226.672
6.814276,.23,2,180,910.757
6.490876,.25,2,180,659.1005
6.221212,.525,3,96,503.3131
6.193401,.46,3,96,489.5079
7.1545,.41,3,96,1279.853
6.221212,.5833,3,129,503.3131
6.193401,.46,3,129,489.5079
6.610677,.375,3,129,742.986
7.602734,.225,2,144,2003.665
5.574585,.4633,2,144,263.6402
6.645607,.215,2,1994.32,769.3972
6.419282,.25,2,1994.32,613.5626
8.665051,.25,2,430,5796.74
6.911021,.265,2,430,1003.271
6.221212,.38,2,106,503.3131
6.411439,.21,2,106,608.7692
8.13553,.33,2,160,3413.625
7.310807,.27,2,160,1496.384
6.140262,.25,2,40.31,464.175
5.581942,.1667,2,40.31,265.5868
6.875531,.265,5,245,968.2889
6.77392,.21,5,245,874.7344
5.09816,.125,5,245,163.7204
6.861332,.1667,5,245,954.6376
6.261311,.1875,5,245,523.9051
6.371125,.275,2,70,584.7155
6.505656,.21,2,70,668.9146
5.474638,.31,2,88,238.5639
6.913496,.25,2,88,1005.758
6.502154,.38,2,78,666.5757
6.913496,.25,2,78,1005.757
5.677978,.2,3,1280,292.3578
4.613985,.1875,3,1280,100.8853
4.633854,.1667,3,1280,102.9099
6.91345,.22,2,235,1005.711
6.16991,.32,2,235,478.143
7.162267,.272,2,44,1289.832
6.858812,.22,2,44,952.2354
7.422357,.21,2,314,1672.972
6.648407,.22,2,314,771.554
6.902082,.21,3,195,994.3431
6.35768,.21,3,195,576.9066
6.604913,.22,3,195,738.7159
7.944952,.25,3,107,2821.298
6.157311,.2,3,107,472.157
7.056832,.2187,3,107,1160.762
7.761814,.26,2,49,2349.162
6.628978,.21,2,49,756.7084
7.17285,.245,2,382,1303.555
6.954554,.23,2,382,1047.911
7.478925,.23,3,605,1770.337
6.836318,.23,3,605,931.0547
7.267919,.25,3,605,1433.564
8.143388,.23,3,992,3440.552
6.713843,.23,3,992,823.7302
7.267919,.25,3,992,1433.564
8.017026,.25,2,152,3032.146
7.830704,.265,2,152,2516.7
7.725946,.25,2,161.88,2266.396
6.942804,.25,2,161.88,1035.67
6.637743,.2,2,208,763.3699
5.616489,.2455,2,208,274.9224
6.514051,.25,2,85,674.5537
6.564618,.175,2,85,709.5405
6.850523,.25,2,52,944.3751
6.176245,.2,2,52,481.1816
7.535569,.252,2,125,1873.509
6.913634,.25,2,125,1005.896
7.182539,.25,4,40,1316.246
5.61566,.25,4,40,274.6947
6.021126,.1667,4,40,412.0421
5.61566,.2,4,40,274.6947
6.361716,.2,2,1310,579.2396
6.243647,.22,2,1310,514.7321
6.995685,.21,2,1036,1091.911
6.877902,.22,2,1036,970.588
9.345787,.333333,3,94,11450.48
7.51278,.45,3,94,1831.298
8.141389,.25,3,94,3433.684
6.029678,.1875,2,120,415.5811
5.218748,.18,2,120,184.7027
6.560305,.2,2,753.96,706.4873
6.381351,.2,2,753.96,590.7255
6.530406,.2,2,40,685.6763
5.817456,.1667,2,40,336.1158
6.39594,.25,2,440.72,599.4066
4.102952,.25,2,440.72,60.5187
7.559091,.26,2,2168.73,1918.101
6.639329,.21,2,2168.73,764.5818
7.82343,.245,2,1580,2498.461
6.670452,.2,2,1580,788.7518
6.623474,.2275,2,145.17,752.5548
5.496424,.1667,2,145.17,243.8186
7.727962,.263,3,188,2270.969
7.158983,.25,3,188,1285.603
7.669107,.25,3,188,2141.169
6.826629,.25,2,131,922.0768
6.342526,.25,2,131,568.2299
6.507715,.25,2,80,670.2931
6.22287,.225,2,80,504.1483
5.574895,.1875,2,41,263.7219
5.946459,.1667,2,41,382.3967
5.842081,.25,2,73,344.4953
5.556461,.1975,2,73,258.9051
5.583194,.1875,2,55,265.9196
5.399551,.1875,2,55,221.307
9.132622,.3,3,523,9252.243
7.490592,.275,3,523,1791.111
7.697157,.275,3,523,2202.078
8.282946,.2,2,60,3955.828
6.778868,.315,2,60,879.073
7.267715,.25,2,46,1433.271
6.783855,.225,2,46,883.4683
7.732454,.24,3,839.36,2281.194
7.720826,.23,3,839.36,2254.822
7.549416,.23,3,839.36,1899.633
6.507715,.25,2,120.51,670.2933
5.919666,.225,2,120.51,372.2875
5.21822,.1875,2,389,184.6053
4.906441,.2,2,389,135.1575
5.555595,.1875,2,45,258.6809
5.357643,.1875,2,45,212.224
7.456787,.28,2,135,1731.575
6.633586,.25,2,135,760.2039
9.141377,.28,2,170,9333.614
8.425346,.25,2,170,4561.223
8.757842,.28,2,180,6360.372
7.713507,.25,2,180,2238.378
9.514136,.29,4,120,13549.93
9.567444,.28,4,120,14291.83
8.618412,.28,4,120,5532.595
7.614416,.225,4,120,2027.21
9.048405,.275,4,145,8504.963
7.593362,.28,4,145,1984.977
6.768506,.28,4,145,870.011
7.49935,.225,4,145,1806.868
7.66128,.25,3,165,2124.475
6.599685,.25,3,165,734.8637
6.768506,.28,3,165,870.011
6.632727,.22,2,350,759.5504
6.525135,.25,2,350,682.0718
6.730654,.22,2,430,837.6948
6.525135,.25,2,430,682.0717
7.243829,.26,2,41,1399.443
6.605416,.225,2,41,739.087
5.447963,.235,2,40,232.2845
6.060885,.1667,2,40,428.755
6.54809,.25,2,83,697.9095
5.824545,.23,2,83,338.507
6.955548,.25,3,539,1048.954
7.059586,.25,3,539,1163.963
7.009825,.235,3,539,1107.461
7.288029,.25,2,447,1462.684
7.054113,.25,2,447,1157.61
7.133878,.25,2,343,1253.73
7.054113,.25,2,343,1157.61
7.803415,.25,4,89,2448.952
7.446253,.2525,4,89,1713.43
6.153096,.25,4,89,470.1706
6.472999,.24,4,89,647.4224
7.803415,.25,6,944,2448.952
7.446253,.2525,6,944,1713.43
6.89035,.3,6,944,982.7454
6.153096,.25,6,944,470.1707
6.721237,.25,6,944,829.8434
7.494078,.225,6,944,1797.367
7.981176,.27,3,707.96,2925.369
7.843554,.25,3,707.96,2549.25
7.462654,.25,3,707.96,1741.765
7.970322,.25,2,146,2893.79
7.631313,.3333,2,146,2061.755
8.024515,.23,3,626.43,3054.94
6.758614,.26,3,626.43,861.447
6.947018,.225,3,626.43,1040.043
5.769362,.1875,3,123.5,320.3333
5.356559,.2,3,123.5,211.9943
5.43289,.2,3,123.5,228.8095
8.402219,.205,3,698,4456.943
7.0507,.25,3,698,1153.666
7.325137,.252,3,698,1517.981
6.488412,.225,2,182,657.4785
6.151801,.21,2,182,469.5622
6.907599,.25,2,297,999.8437
6.83629,.225,2,297,931.0286
8.630708,.2525,4,245,5601.042
8.480851,.2376,4,245,4821.554
8.306966,.205,4,245,4051.998
7.912923,.26,4,245,2732.366
6.745318,.25,3,639,850.0695
6.569015,.2,3,639,712.6673
6.454456,.25,3,639,635.5282
6.45461,.2,2,207,635.626
6.024223,.1875,2,207,413.3202
7.040632,.252,3,1123,1142.109
6.775082,.22,3,1123,875.7515
6.630296,.225,3,1123,757.7066
6.559971,.252,2,455,706.2512
6.630296,.225,2,455,757.7067
6.946593,.25,2,181,1039.602
6.336827,.22,2,181,565.001
6.944261,.225,3,120,1037.18
6.713305,.22,3,120,823.2871
6.693502,.22,3,120,807.1442
6.944261,.225,2,162,1037.18
6.69849,.225,2,162,811.1799
7.394122,.22,3,158,1626.396
6.69849,.225,3,158,811.1799
6.944261,.225,3,158,1037.18
6.51995,.225,2,116,678.5447
5.731246,.1875,2,116,308.3531
6.314418,.2,2,47,552.4803
5.731246,.1875,2,47,308.3531
6.054663,.166667,4,180,426.0952
5.312535,.1875,4,180,202.8639
5.731246,.1875,4,180,308.3531
5.332338,.1667,4,180,206.9211
6.432201,.25,2,94,621.5403
5.605205,.2,2,94,271.8376
7.104295,.25,2,534,1217.183
7.202631,.21,2,534,1342.959
7.902807,.3,2,41.088,2704.865
7.644679,.255,2,41.088,2089.498
7.275443,.265,2,114,1444.391
6.928966,.255,2,114,1021.437
6.424393,.22,2,560,616.7061
5.338203,.22,2,560,208.1383
7.024963,.25,2,1500,1124.353
6.411148,.225,2,1500,608.5916
8.323156,.27,2,330,4118.137
6.823257,.25,2,330,918.9733
6.826695,.3,2,90,922.1379
7.143516,.225,2,90,1265.871
5.72764,.2,3,255.28,307.2434
5.555549,.1875,3,255.28,258.669
4.648377,.255,3,255.28,104.4154
7.019883,.25,3,352,1118.655
6.149636,.1667,3,352,468.5468
6.412,.2625,3,352,609.1108
6.964263,.25,3,297,1058.135
6.149636,.1667,3,297,468.5468
6.412,.2625,3,297,609.1107
7.095486,.25,3,60,1206.508
6.665946,.2125,3,60,785.2062
5.81066,.2625,3,60,333.8396
7.050813,.23,2,840,1153.796
6.813182,.23,2,840,909.7616
8.752689,.237,2,438.8,6327.685
6.672934,.21,2,438.8,790.7117
6.756771,.25,4,200,859.8614
6.52693,.245,4,200,683.2974
6.265565,.253,4,200,526.139
6.744802,.24,4,200,849.6314
7.358596,.25,3,44.98,1569.632
7.353609,.23,3,44.98,1561.823
6.922826,.27,3,44.98,1015.185
7.163205,.225,2,600,1291.042
6.497942,.225,2,600,663.7745
6.986162,.25,3,40,1081.562
6.709251,.225,3,40,819.9568
6.21026,.25,3,40,497.8309
7.028571,.275,3,160,1128.417
6.412,.2625,3,160,609.1107
6.956856,.25,3,160,1050.326
6.956856,.25,3,40,1050.326
6.412,.2625,3,40,609.1107
6.685154,.1667,3,40,800.434
6.275475,.2,2,577,531.3788
5.282223,.25,2,577,196.807
5.687689,.166667,2,45,295.2105
5.302026,.125,2,45,200.7431
5.377533,.18,2,245,216.4877
4.953719,.19,2,245,141.701
6.413626,.2,2,53,610.1016
5.39587,.19,2,53,220.4939
5.377533,.18,2,397,216.4877
4.953719,.19,2,397,141.701
6.693211,.205,3,51,806.9086
5.986145,.35,3,51,397.8777
5.700934,.19,3,51,299.1466
6.704109,.22,2,345,815.7507
5.381164,.22,2,345,217.2749
7.896999,.303,2,300,2689.2
7.649347,.26,2,300,2099.274
7.357071,.25,2,1191.53,1567.239
7.124551,.26,2,1191.53,1242.091
7.154026,.25,6,787.88,1279.245
6.89963,.25,6,787.88,991.9072
6.705332,.225,6,787.88,816.749
6.913961,.22,6,787.88,1006.225
6.859138,.2,6,787.88,952.5457
6.024161,.24,6,787.88,413.2946
5.486122,.2,2,195,241.3196
5.058307,.1875,2,195,157.3239
5.775075,.2,3,97,322.1686
5.033614,.1875,3,97,153.4867
5.266654,.25,3,97,193.7664
5.486122,.2,2,160,241.3195
5.315026,.1875,2,160,203.3699
7.700842,.271,2,322,2210.209
6.866196,.225,2,322,959.2919
6.566495,.2125,2,270,710.8737
6.021364,.22,2,270,412.1402
5.970811,.22,2,284,391.8235
5.873348,.2125,2,284,355.4368
4.355355,.17,2,632.8,77.89451
1.344735,.1667,2,632.8,3.837168
7.700842,.271,2,43,2210.208
6.866196,.225,2,43,959.2919
7.042594,.26,2,421,1144.353
7.091384,.26,2,421,1201.57
7.091385,.26,2,482,1201.57
6.784385,.253,2,482,883.9362
7.199598,.25,2,203,1338.893
6.980719,.275,2,203,1075.692
5.953933,.2,3,137.9,385.2654
4.936125,.1667,3,137.9,139.2297
5.299626,.22,3,137.9,200.2619
5.892689,.1875,2,641,362.3784
4.392813,.2,2,641,80.8676
6.661546,.25,2,170.07,781.7582
5.943982,.25,2,170.07,381.4509
8.295358,.3,2,51,4005.235
7.725184,.25,2,51,2264.669
6.360574,.25,3,156,578.5785
4.859561,.1667,3,156,128.9676
6.22279,.215,3,156,504.108
6.360574,.25,2,276,578.5785
5.657476,.205,2,276,286.425
9.261161,.26,2,71,10521.34
7.243322,.4,2,71,1398.733
9.430391,.26,2,40,12461.4
7.713326,.35,2,40,2237.973
7.205379,.22,2,143,1346.656
7.063574,.22,2,143,1168.614
7.33395,.27,2,924,1531.419
6.485155,.23,2,924,655.3404
6.638306,.22,2,241,763.8
6.674975,.2,2,241,792.3279
6.237828,.213,2,100,511.746
5.982069,.21,2,100,396.2594
7.375057,.23,2,718,1595.682
6.969586,.24,2,718,1063.782
6.885166,.22,2,406,977.6639
6.69236,.21,2,406,806.2228
7.343875,.26,4,297.523,1546.695
6.765286,.27,4,297.523,867.2145
7.149122,.26,4,297.523,1272.987
7.220521,.28,4,297.523,1367.202
5.938133,.2,2,183,379.2261
5.571507,.1875,2,183,262.83
7.465049,.28,2,260,1745.942
6.63128,.25,2,260,758.4521
7.53762,.27,2,63,1877.357
7.186643,.25,2,63,1321.659
8.040662,.26,2,430,3104.668
7.386797,.25,2,430,1614.527
6.730189,.25,2,224.64,837.3058
6.643079,.24,2,224.64,767.4545
7.469341,.2923,2,556.12,1753.451
6.84954,.2667,2,556.12,943.4469
6.351817,.25,2,65,573.5341
5.547664,.195,2,65,256.6373
7.335144,.28,3,300,1533.248
7.415009,.24,3,300,1660.725
7.243815,.24,3,300,1399.423
6.365063,.1667,2,149,581.1812
5.723208,.2,2,149,305.8848
6.349067,.2,2,106,571.9586
2.8896,.125,2,106,17.98612
7.131445,.28,2,277,1250.683
7.100105,.255,2,277,1212.095
7.075004,.275,3,89,1182.048
7.334883,.25,3,89,1532.849
6.883609,.26,3,89,976.1426
7.39287,.26,2,58,1624.362
7.147564,.3,2,58,1271.006
8.246186,.25,2,658,3813.057
7.052263,.26,2,658,1155.471
7.331619,.3,2,60,1527.854
6.889723,.26,2,60,982.1291
6.048952,.22,3,1615,423.6688
5.601107,.25,3,1615,270.7259
5.992392,.22,3,1615,400.371
7.853144,.22,2,310,2573.813
7.332393,.28,2,310,1529.036
5.734238,.2,2,160,309.277
5.692187,.2,2,160,296.5414
7.853144,.22,2,99.4,2573.813
7.332393,.28,2,99.4,1529.036
8.409812,.21,2,42,4490.917
8.444733,.2,2,42,4650.511
6.85952,.23,3,42.935,952.9095
6.299903,.2,3,42.935,544.5193
5.606756,.1667,3,42.935,272.2597
6.768555,.3,2,56,870.0535
6.935763,.2575,2,56,1028.403
6.58453,.22,2,363.7,723.8105
5.241079,.19,2,363.7,188.8737
7.019396,.255,2,120,1118.111
6.607286,.225,2,120,740.4711
7.394754,.226,2,888,1627.425
7.240604,.271,2,888,1394.936
6.859831,.25,2,80,953.2064
5.424552,.1875,2,80,226.9096
6.723442,.25,2,300,831.6749
6.425765,.21,2,300,617.553
6.330604,.1875,2,84,561.4954
6.150466,.25,2,84,468.936
4.520677,.166667,3,249.5,91.89777
3.604386,.125,3,249.5,36.75911
4.011853,.125,3,249.5,55.24916
4.520677,.1667,2,640,91.89777
3.604386,.125,2,640,36.75911
5.647646,.1875,2,303,283.623
4.852716,.2,2,303,128.0878
6.834624,.34,2,444.72,929.4786
7.291329,.23,2,444.72,1467.521
7.988211,.2,5,40,2946.02
5.970197,.2,5,40,391.5828
6.341438,.2,5,40,567.6121
6.722318,.25,5,40,830.7411
7.389833,.3,5,40,1619.436
8.332946,.35,7,160.79,4158.65
6.378443,.2,7,160.79,589.0096
7.539258,.3,7,160.79,1880.433
6.049344,.26,7,160.79,423.8349
8.361031,.3,7,160.79,4277.1
5.915584,.2,7,160.79,370.7708
7.500037,.25,7,160.79,1808.109
5.74352,.18,2,315,312.1612
5.933799,.205,2,315,377.5862
5.931371,.1875,2,130,376.6706
5.784195,.2125,2,130,325.1203
5.931371,.1875,3,130,376.6706
5.390986,.2,3,130,219.4198
5.784195,.2125,3,130,325.1203
4.004692,.1875,3,83,54.85494
5.390986,.2,3,83,219.4198
5.782578,.2125,3,83,324.5949
5.901812,.1667,2,40,365.6996
7.033215,.25,2,40,1133.669
6.310946,.25,2,45,550.5657
7.26615,.2,2,45,1431.03
5.915431,.2,2,72,370.7142
6.310946,.25,2,72,550.5656
5.905481,.25,2,80,367.0438
5.925676,.25,2,80,374.5315
7.287959,.25,2,910.2,1462.582
7.190897,.26,2,910.2,1327.293
7.065858,.255,2,50,1171.286
5.998017,.305,2,50,402.6297
6.846843,.2575,2,632,940.9055
6.698656,.205,2,632,811.3143
7.167807,.23,2,177,1296.997
6.328529,.2,2,177,560.3317
7.289328,.23,2,104,1464.586
6.328529,.2,2,104,560.3317
7.026701,.255,2,44,1126.309
6.737947,.25,2,44,843.826
5.950873,.25,2,145.17,384.0887
3.590019,.275,2,145.17,36.23478
6.624972,.2,2,846.54,753.6833
6.391179,.23,2,846.54,596.5593
7.006866,.22,2,40,1104.189
6.333921,.2175,2,40,563.3615
7.015806,.25,2,150,1114.104
6.187739,.21,2,150,486.7444
4.224005,.3,2,319.21,68.30647
3.657951,.305,2,319.21,38.78178
7.401424,.226,2,915,1638.316
7.256242,.271,2,915,1416.922
7.512821,.28,2,99,1831.372
6.96856,.25,2,99,1062.692
5.623856,.19,2,466,276.9552
5.27448,.25,2,466,195.2889
6.162617,.1875,2,763,474.6686
5.89212,.2,2,763,362.1722
6.187128,.22,2,42,486.447
5.872317,.2,2,42,355.0708
6.113648,.2,2,116,451.9848
6.089932,.166667,2,116,441.3914
6.62301,.1875,2,150.2,752.206
4.479655,.166667,2,150.2,88.20427
7.303412,.26,2,821,1485.36
7.118713,.255,2,821,1234.86
7.662697,.25,2,62,2127.487
6.794169,.215,2,62,892.6271
6.696647,.21,2,43.6,809.6862
6.996167,.2,2,43.6,1092.438
7.306301,.2565,2,408.6,1489.656
7.117619,.25,2,408.6,1233.51
7.219892,.2565,2,408.6,1366.341
7.117619,.25,2,408.6,1233.51
5.644957,.2,3,320,282.8613
5.471813,.25,3,320,237.8911
5.229977,.1875,3,320,186.7886
4.470346,.425,2,48.06,87.38699
5.163077,.1875,2,48.06,174.7013
6.597784,.275,2,97,733.4675
6.599638,.25,2,97,734.8288
7.820673,.31,2,140,2491.582
6.555941,.23,2,140,703.4109
7.561887,.255,2,820,1923.471
7.473918,.2601,2,820,1761.495
7.300247,.2773,2,422.72,1480.666
6.286691,.231,2,422.72,537.372
7.480888,.2885,2,528.37,1773.816
7.046877,.241,2,528.37,1149.264
7.107868,.26,4,120,1221.54
6.579714,.2551,4,120,720.3334
5.544823,.1875,4,120,255.9093
6.540541,.26,4,120,692.6611
6.951214,.23,2,62,1044.417
6.540541,.25,2,62,692.6611
6.99506,.25,2,63,1091.23
7.210831,.21,2,63,1354.017
6.588627,.25,2,1100,726.7823
6.756764,.22,2,1100,859.8552
7.085268,.3,4,74.835,1194.244
6.750998,.21,4,74.835,854.9117
6.579194,.3,4,74.835,719.9586
6.873347,.26,4,74.835,966.1771
7.147568,.2677,2,671.87,1271.01
6.857649,.225,2,671.87,951.1282
7.221866,.265,2,65,1369.041
6.622905,.25,2,65,752.1272
6.085513,.24,2,160.4,439.4451
6.030163,.2,2,160.4,415.7827
7.081974,.2511,4,175,1190.316
6.532487,.225,4,175,687.1049
7.077214,.25,4,175,1184.664
6.930568,.26,4,175,1023.075
7.180286,.22,2,627.49,1313.284
6.854071,.26,2,627.49,947.7308
7.278404,.22,2,728.38,1448.674
7.105385,.26,2,728.38,1218.511
7.409596,.22,2,765.23,1651.76
6.962284,.26,2,765.23,1056.043
7.213243,.25,2,66,1357.286
6.955853,.255,2,66,1049.273
7.361318,.225,2,56,1573.91
7.218217,.25,2,56,1364.055
5.194877,.1875,2,60,180.3459
5.166167,.1875,2,60,175.2418
6.378463,.25,2,40,589.0219
5.818848,.21,2,40,336.5839
8.313704,.275,2,72,4079.397
7.261049,.25,2,72,1423.75
6.21623,.26,2,628.42,500.8118
6.038855,.2222,2,628.42,419.4124
6.908978,.2,2,260,1001.223
6.503512,.2,2,260,667.482
5.675864,.25,2,48.06,291.7403
5.121634,.25,2,48.06,167.6091
5.121634,.2,2,68,167.6091
4.205344,.1875,2,68,67.04366
7.084542,.251,2,700,1193.377
6.356524,.2275,2,700,576.2402
7.440487,.1667,2,40,1703.579
6.937535,.255,2,40,1030.228
5.145776,.25,2,90,171.7046
5.184242,.1667,2,90,178.4382
6.330484,.265,2,122.19,561.4286
6.316579,.252,2,122.19,553.6755
7.210408,.255,2,75,1353.444
6.635866,.255,2,75,761.9388
4.476089,.1875,2,124,87.89031
4.202253,.125,2,124,66.83674
6.726599,.23,2,80.36,834.3052
6.215774,.25,2,80.36,500.5832
6.726599,.23,2,107,834.3052
6.215774,.25,2,107,500.5831
6.750213,.225,2,69,854.241
6.03659,.2,2,69,418.4636
6.938406,.25,2,40,1031.125
6.829892,.23,2,40,925.0909
6.927321,.202,3,573,1019.759
6.621009,.225,3,573,750.7021
6.224354,.25,3,573,504.897
7.618839,.265,2,53.36,2036.196
7.252563,.2625,2,53.36,1411.719
6.514095,.23,3,239.88,674.5833
6.341185,.25,3,239.88,567.4685
5.515763,.2,3,239.88,248.5796
5.605361,.2027,3,250,271.8801
4.423388,.166667,3,250,83.37834
3.912563,.1875,3,250,50.02701
5.827161,.25,4,61,339.3938
5.814792,.2,4,61,335.2217
6.025612,.1875,4,61,413.8949
5.851259,.2,4,61,347.6717
5.906093,.17,3,95,367.2685
5.69416,.19,3,95,297.1269
5.410216,.21,3,95,223.6798
7.045743,.25,2,145,1147.962
6.60391,.22,2,145,737.9755
6.905982,.2,2,115,998.2277
6.808211,.25,2,115,905.2499
6.591478,.22,2,250,728.8574
6.198445,.215,2,250,491.9836
5.809374,.2,2,78,333.4102
5.501889,.25,2,78,245.1546
6.279659,.2,2,610,533.6069
5.092341,.166667,2,610,162.7705
5.087908,.166667,2,161,162.0505
4.731233,.166667,2,161,113.4354
5.568726,.215,2,68,262.1
5.511806,.19,2,68,247.5979
4.812198,.26,2,118,123.0017
4.569198,.25,2,118,96.46671
7.134147,.255,3,45,1254.067
6.178636,.225,3,45,482.3335
6.75097,.225,3,45,854.888
6.876055,.21875,2,76,968.7969
6.876055,.2,2,76,968.7969
6.956098,.275,2,62,1049.53
7.317873,.263,2,62,1506.996
6.498719,.2,2,190,664.2903
6.181479,.25,2,190,483.7065
5.771826,.2,2,110,321.1236
5.100291,.166667,2,110,164.0697
7.225691,.22,3,796,1374.288
6.877702,.226,3,796,970.3937
6.943459,.23,3,796,1036.348
6.838788,.23,2,549.92,933.357
6.698298,.22,2,549.92,811.0239
7.650003,.21,3,354,2100.651
6.179061,.21,3,354,482.5386
5.868906,.2,3,354,353.8616
6.136721,.265,3,60.57,462.5344
5.826161,.2,3,60.57,339.0544
5.939652,.1875,3,60.57,379.8028
6.178151,.24,2,252,482.0997
6.291664,.22,2,252,540.0513
5.724091,.26,2,40,306.1548
5.724091,.25,2,40,306.1548
7.347939,.2,3,79,1552.993
6.46135,.25,3,79,639.9243
6.413965,.2,3,79,610.309
6.827666,.25,2,203,923.0343
6.715897,.25,2,203,825.4241
6.827666,.25,2,291,923.0342
6.715898,.25,2,291,825.4241
7.119549,.2576,2,384.29,1235.893
5.936629,.265,2,384.29,378.6565
6.509283,.205,2,76,671.3445
6.396487,.205,2,76,599.7344
7.026904,.225,2,49,1126.537
6.655608,.225,2,49,777.1302
5.949437,.23,2,1346,383.5372
5.890013,.2,2,1346,361.4101
6.47553,.23,2,927,649.063
6.417034,.22,2,927,612.1844
6.380219,.2,2,698.5,590.0573
5.990874,.21,2,698.5,399.7638
5.899077,.25,2,40,364.7006
5.738803,.21,2,40,310.6924
4.9978,.17,2,200,148.087
4.28485,.166667,2,200,72.59167
6.369279,.25,2,130,583.6371
6.083254,.2,2,130,438.4537
6.636755,.25,2,510,762.6167
6.208168,.232,2,510,496.7903
6.791551,.24,2,478,890.2935
6.179954,.22,2,478,482.9696
6.358529,.25,2,80,577.3964
6.236362,.25,2,80,510.9958
7.165135,.25,2,41.57,1293.536
6.676289,.225,2,41.57,793.369
6.820652,.24,2,72,916.5828
6.618072,.255,2,72,748.5002
6.36931,.22,2,626,583.6553
5.842091,.23,2,626,344.499
7.785561,.25,2,59,2405.614
7.623455,.25,2,59,2045.617
6.94945,.235,2,250,1042.576
6.710987,.25,2,250,821.3809
4.943438,.1875,2,750,140.2516
4.432612,.2,2,750,84.15097
4.943438,.1875,2,288,140.2516
4.432612,.2,2,288,84.15097
5.859729,.2,2,80,350.629
5.381693,.2,2,80,217.39
4.943438,.1875,2,320,140.2516
4.432612,.2,2,320,84.15097
7.026641,.23,2,48,1126.242
6.737187,.25,2,48,843.1855
7.321206,.2775,2,53.36,1512.026
6.419279,.2051,2,53.36,613.5607
6.731708,.229,2,84.25,838.5781
5.619981,.2,2,84.25,275.8841
6.536271,.23,2,80.53,689.71
6.308165,.23,2,80.53,549.0366
6.311438,.25,2,173,550.8362
5.099993,.22,2,173,164.0207
6.47508,.225,2,780,648.7715
6.110856,.22,2,780,450.7243
6.866488,.238,2,624,959.5727
6.764967,.25,2,624,866.938
5.994167,.225,2,120,401.0824
5.715219,.25,2,120,303.4505
7.13572,.25,2,329,1256.041
7.103133,.25,2,329,1215.77
6.968634,.238,3,717,1062.77
5.716905,.2175,3,717,303.9626
6.908465,.238,3,717,1000.71
6.660447,.166667,2,69,780.8995
5.43535,.205,2,69,229.3731
6.472167,.25,3,82,646.8837
6.660447,.166667,3,82,780.8995
5.551884,.205,3,82,257.7226
6.064707,.225,3,149,430.3967
5.551884,.205,3,149,257.7226
6.122863,.166667,3,149,456.169
6.099879,.166667,2,40.93,445.804
5.412366,.205,2,40.93,224.1614
6.122863,.166667,2,80,456.169
5.43535,.205,2,80,229.3731
6.122863,.166667,2,42.42,456.169
5.43535,.205,2,42.42,229.3731
6.472167,.25,3,60,646.8838
6.663741,.166667,3,60,783.4767
5.551884,.205,3,60,257.7226
6.667026,.166667,2,44,786.054
5.43535,.205,2,44,229.3731
6.660447,.166667,2,80,780.8995
5.43535,.205,2,80,229.3731
6.679862,.166667,2,41.14,796.2087
5.43535,.205,2,41.14,229.3731
5.970594,.166667,2,57,391.7383
5.43535,.205,2,57,229.3731
5.970594,.166667,2,63,391.7383
5.43535,.205,2,63,229.3731
5.970594,.166667,2,91,391.7383
5.43535,.205,2,91,229.3731
6.122863,.166667,2,205.88,456.169
5.43535,.205,2,205.88,229.3731
6.122863,.166667,2,80,456.169
5.43535,.205,2,80,229.3731
6.673562,.166667,2,247,791.2084
5.43535,.205,2,247,229.3731
6.122863,.166667,2,50.5,456.169
5.43535,.205,2,50.5,229.3731
5.970594,.166667,2,40,391.7384
5.43535,.205,2,40,229.3731
8.052034,.25,2,80,3140.176
7.417494,.25,2,80,1664.857
7.551218,.25,2,80,1903.06
7.250441,.25,2,80,1408.725
7.551218,.25,2,40,1903.06
7.250441,.25,2,40,1408.725
8.071421,.25,2,80,3201.648
7.657117,.25,2,80,2115.649
8.148382,.25,2,50,3457.78
6.368471,.25,2,50,583.1656
5.988649,.25,2,119,398.8756
5.553914,.205,2,119,258.2464
6.097623,.25,2,169.73,444.7991
3.92856,.166667,2,169.73,50.83376
6.716653,.25,2,83.12,826.0485
5.250317,.2,2,83.12,190.6266
6.43991,.25,2,216,626.3504
6.113926,.21,2,216,452.1101
8.133463,.2,2,2169.02,3406.575
6.372475,.2,2,2169.02,585.5051
6.64257,.225,2,943,767.0633
6.570497,.225,2,943,713.7245
6.788912,.22,4,700,887.9471
6.464131,.225,4,700,641.7067
6.680149,.2,4,700,796.4378
6.360324,.23,4,700,578.4341
6.44989,.265,2,116,632.6324
6.344529,.225,2,116,569.3691
7.164071,.25,2,44,1292.161
6.649972,.25,2,44,772.7628
7.164071,.25,2,42,1292.161
6.649972,.25,2,42,772.7628
7.164071,.25,2,42,1292.161
6.921125,.25,2,42,1013.459
7.164071,.25,2,67,1292.161
6.649972,.25,2,67,772.7628
7.164071,.25,2,156,1292.161
6.649972,.25,2,156,772.7628
6.035606,.21,3,380,418.052
5.940296,.203,3,380,380.0472
5.611792,.2,3,380,273.634
6.035606,.21,3,60,418.052
5.940296,.203,3,60,380.0473
5.611792,.2,3,60,273.634
6.035606,.21,2,125,418.052
5.940296,.203,2,125,380.0473
6.971198,.25,2,117,1065.498
6.700006,.25,2,117,812.4109
7.416393,.251,3,1000,1663.024
6.22247,.265,3,1000,503.9466
6.627935,.25,3,1000,755.9199
7.748527,.251,4,650,2318.155
6.22247,.265,4,650,503.9466
7.361905,.25,4,650,1574.833
6.627935,.25,4,650,755.9199
7.416393,.251,4,800,1663.024
6.22247,.265,4,800,503.9466
6.467571,.25,4,800,643.9178
6.627935,.25,4,800,755.9199
6.63458,.23,3,583.56,760.9594
6.149899,.21,3,583.56,468.6703
5.719944,.21,3,583.56,304.8877
6.110474,.225,2,40,450.5523
5.550018,.25,2,40,257.2423
5.948926,.25,2,140,383.3415
5.540166,.25,2,140,254.7203
6.341146,.25,2,108,567.4462
5.540166,.25,2,108,254.7203
6.341146,.25,2,128,567.4462
5.540166,.25,2,128,254.7203
6.711943,.25,2,40,822.1666
6.536347,.225,2,40,689.7625
6.711943,.25,2,40,822.1666
5.915617,.225,2,40,370.7831
6.711943,.25,2,40,822.1666
6.536347,.225,2,40,689.7625
6.632156,.25,3,40,759.117
6.450499,.25,3,40,633.0178
6.536347,.225,3,40,689.7625
6.632156,.25,3,40,759.117
6.450499,.25,3,40,633.0178
6.536347,.225,3,40,689.7625
6.632156,.25,3,63,759.117
6.450499,.25,3,63,633.0178
6.110475,.225,3,63,450.5525
8.095165,.25,2,123.5,3278.578
7.99577,.25,2,123.5,2968.375
7.141652,.25,3,40,1263.514
6.923982,.255,3,40,1016.359
6.233314,.25,3,40,509.4406
6.667705,.24,3,40,786.5885
6.128709,.212,3,40,458.8433
6.541473,.228,3,40,693.3072
6.851628,.236,3,775,945.4189
6.548719,.24,3,775,698.3494
6.566609,.212,3,775,710.955
6.322865,.2225,2,103.84,557.1669
6.089488,.22,2,103.84,441.1955
6.322865,.2225,2,239.21,557.1669
6.089488,.22,2,239.21,441.1955
4.932035,.21,2,120,138.6614
5.019047,.2,2,120,151.267
6.743209,.25,3,115.37,848.2788
4.591185,.2,3,115.37,98.61124
5.924899,.2,3,115.37,374.2406
7.489358,.25,2,48.649,1788.903
7.078126,.25,2,48.649,1185.745
6.473651,.25,2,85,647.845
6.32907,.225,2,85,560.6351
8.001094,.25,2,46,2984.22
6.470034,.25,2,46,645.5053
8.001094,.25,2,40,2984.22
6.470033,.25,2,40,645.5052
7.31458,.25,2,40,1502.041
6.470033,.25,2,40,645.5052
6.772983,.25,2,67,873.9149
6.745607,.23,2,67,850.3154
6.312029,.215,2,278.93,551.1622
6.096738,.22,2,278.93,444.4056
7.658162,.25,2,40,2117.861
6.142093,.25,2,40,465.0259
6.208892,.25,2,51,497.1504
4.822598,.2,2,51,124.2876
7.557822,.23,2,159,1915.669
6.647148,.23,2,159,770.5831
6.084302,.22,2,857.32,438.9135
6.211457,.205,2,857.32,498.4271
7.681768,.25,2,47,2168.451
7.169282,.25,2,47,1298.912
6.988086,.25125,2,355,1083.645
6.691978,.23,2,355,805.9145
7.461949,.25,2,197.58,1740.538
7.173317,.225,2,197.58,1304.164
6.211321,.235,2,483,498.3591
5.964262,.225,2,483,389.2656
6.935918,.25,2,290,1028.563
5.658823,.1875,2,290,286.811
7.119842,.22,2,73,1236.254
5.692725,.22,2,73,296.701
7.016701,.25,2,1325,1115.101
6.454309,.25,2,1325,635.4347
7.817289,.25,5,42,2483.165
5.961124,.23,5,42,388.0461
6.452713,.25,5,42,634.4213
6.691361,.25,5,42,805.4176
7.826231,.21,5,42,2505.468
7.890349,.25,3,40,2671.376
7.016302,.25,3,40,1114.656
6.913407,.375,3,40,1005.668
8.476682,.25,2,62,4801.492
7.622437,.23,2,62,2043.537
5.929092,.252,2,67,375.8133
5.734818,.2,2,67,309.4566
5.959097,.255,2,92,387.2603
6.855273,.25,2,92,948.8709
7.620783,.255,2,256,2040.16
6.812586,.26,2,256,909.2189
6.78115,.25,2,40,881.0818
6.769851,.2,2,40,871.1821
6.612068,.25,2,640,744.0201
6.934352,.23,2,640,1026.954
6.213675,.25,2,80,499.5338
5.540136,.21,2,80,254.7128
5.749665,.2,2,80,314.0853
4.817501,.2,2,80,123.6556
7.129156,.25,2,49.59,1247.823
7.005955,.255,2,49.59,1103.183
5.509258,.205,2,145,246.9677
5.969311,.245,2,145,391.236
7.110743,.245,2,500,1225.058
5.722451,.1875,2,500,305.6531
6.591848,.25,2,48,729.1268
7.157162,.25,2,48,1283.263
7.076318,.23,2,290,1183.602
6.817547,.25,2,290,913.741
7.090221,.25,2,80,1200.173
6.204044,.25,2,80,494.7458
6.975733,.25,2,40,1070.342
6.588899,.25,2,40,726.9799
6.713214,.25,2,158,823.2125
6.782207,.251,2,158,882.0134
5.064083,.25,2,160,158.2352
5.86259,.25,2,160,351.6338
6.56764,.275,2,107.012,711.6884
7.232334,.25,2,107.012,1383.447
5.989707,.25,2,106.811,399.2978
6.593702,.25,2,106.811,730.4801
6.458071,.25,2,66,637.8293
6.803987,.22,2,66,901.434
6.265185,.23,2,246,525.9387
6.586113,.23,2,246,724.9577
7.253911,.2025,2,94,1413.623
7.060693,.22,2,94,1165.253
